0.004999999999999999
0.005013837386285365
0.005027713067222568
0.005041627148791196
0.005055579737264114
0.0050695709392083125
0.005083600861485691
0.005097669611253884
0.005111777295967103
0.005125924023376909
0.005140109901533091
0.0051543350387844395
0.005168599543779606
0.005182903525467935
0.0051972470931002665
0.005211630356229811
0.00522605342471295
0.005240516408710087
0.005255019418686511
0.005269562565413199
0.005284145959967704
0.005298769713734964
0.005313433938408194
0.005328138745989699
0.005342884248791751
0.005357670559437457
0.005372497790861585
0.0053873660563114704
0.005402275469347841
0.0054172261438457
0.005432218193995215
0.00544725173430255
0.005462326879590786
0.005477443745000752
0.005492602445991934
0.005507803098343362
0.005523045818154458
0.005538330721845975
0.005553657926160834
0.005569027548165042
0.005584439705248603
0.00559989451512637
0.005615392095838991
0.005630932565753774
0.005646516043565604
0.005662142648297871
0.005677812499303334
0.005693525716265082
0.005709282419197406
0.005725082728446737
0.005740926764692576
0.00575681464894838
0.00577274650256253
0.0057887224472192205
0.005804742604939403
0.005820807098081737
0.005836916049343483
0.005853069581761486
0.005869267818713071
0.005885510883917032
0.005901798901434529
0.005918131995670063
0.005934510291372437
0.005950933913635671
0.005967402987900003
0.005983917639952807
0.0060004779959295694
0.006017084182314872
0.006033736325943317
0.006050434554000542
0.006067178994024148
0.006083969773904696
0.006100807021886698
0.006117690866569555
0.006134621436908591
0.006151598862215989
0.006168623272161803
0.006185694796774963
0.006202813566444228
0.006219979711919227
0.006237193364311421
0.006254454655095114
0.0062717637161084855
0.006289120679554546
0.006306525678002202
0.006323978844387222
0.0063414803120132686
0.006359030214552943
0.006376628686048753
0.006394275860914193
0.006411971873934726
0.006429716860268826
0.00644751095544904
0.006465354295382969
0.006483247016354362
0.0065011892550241104
0.006519181148431311
0.006537222833994336
0.0065553144495118275
0.006573456133163815
0.006591648023512707
0.00660989025950441
0.006628182980469338
0.0066465263261235
0.006664920436569585
0.0066833654522979865
0.00670186151418793
0.006720408763508499
0.006739007341919738
0.00675765739147375
0.006776359054615739
0.00679511247418515
0.006813917793416713
0.006832775155941552
0.006851684705788315
0.006870646587384214
0.006889660945556188
0.00690872792553196
0.006927847672941169
0.006947020333816501
0.0069662460545947555
0.006985524982118023
0.007004857263634751
0.007024243046800897
0.007043682479681073
0.007063175710749628
0.00708272288889184
0.007102324163404992
0.007121979683999577
0.007141689600800383
0.007161454064347667
0.007181273225598324
0.007201147235926989
0.007221076247127252
0.007241060411412768
0.007261099881418438
0.007281194810201601
0.0073013453512431456
0.007321551658448749
0.007341813886149992
0.007362132189105568
0.0073825067225024845
0.007402937641957193
0.007423425103516841
0.007443969263660409
0.007464570279299934
0.007485228307781722
0.007505943506887501
0.007526716034835688
0.007547546050282544
0.007568433712323405
0.0075893791804939265
0.007610382614771241
0.0076314441755752456
0.007652564023769774
0.007673742320663845
0.007694979228012922
0.007716274908020091
0.0077376295233373615
0.007759043237066856
0.007780516212762077
0.007802048614429186
0.00782364060652819
0.00784529235397427
0.007867004022138985
0.00788877577685155
0.007910607784400137
0.007932500211533081
0.007954453225460229
0.007976466993854141
0.00799854168485142
0.008020677467053998
0.008042874509530382
0.008065132981817
0.00808745305391945
0.008109834896313811
0.008132278679947978
0.008154784576242908
0.00817735275709399
0.008199983394872304
0.00822267666242599
0.008245432733081521
0.008268251780645042
0.008291133979403733
0.008314079504127072
0.008337088530068242
0.00836016123296541
0.0083832977890431
0.008406498375013548
0.008429763168078011
0.00845309234592818
0.008476486086747477
0.00849994456921244
0.008523467972494118
0.00854705647625938
0.008570710260672347
0.008594429506395721
0.008618214394592183
0.008642065106925797
0.008665981825563352
0.008689964733175808
0.00871401401293964
0.008738129848538258
0.00876231242416344
0.008786561924516673
0.008810878534810638
0.008835262440770552
0.008859713828635658
0.008884232885160584
0.008908819797616797
0.008933474753794066
0.00895819794200182
0.008982989551070669
0.009007849770353784
0.00903277878972836
0.009057776799597107
0.009082843990889627
0.009107980555063958
0.009133186684107963
0.009158462570540826
0.009183808407414553
0.009209224388315382
0.00923471070736533
0.009260267559223613
0.009285895139088167
0.009311593642697161
0.009337363266330423
0.009363204206811023
0.009389116661506705
0.009415100828331422
0.00944115690574688
0.009467285092763985
0.009493485588944438
0.009519758594402194
0.009546104309805018
0.009572522936376053
0.009599014675895275
0.009625579730701127
0.009652218303691987
0.00967893059832775
0.009705716818631412
0.009732577169190557
0.009759511855159003
0.009786521082258292
0.009813605056779298
0.009840763985583834
0.009867998076106152
0.009895307536354618
0.009922692574913223
0.009950153400943216
0.009977690224184715
0.010005303254958258
0.010032992704166474
0.010060758783295631
0.010088601704417296
0.010116521680189935
0.010144518923860545
0.010172593649266277
0.010200746070836065
0.010228976403592277
0.010257284863152352
0.010285671665730441
0.010314137028139072
0.010342681167790779
0.010371304302699794
0.010400006651483695
0.010428788433365081
0.010457649868173246
0.010486591176345846
0.010515612578930602
0.01054471429758698
0.01057389655458788
0.010603159572821347
0.010632503575792243
0.010661928787623991
0.010691435433060269
0.010721023737466725
0.010750693926832706
0.010780446227772965
0.010810280867529422
0.010840198073972877
0.010870198075604761
0.010900281101558877
0.010930447381603136
0.010960697146141358
0.010991030626214964
0.011021448053504804
0.011051949660332887
0.011082535679664171
0.011113206345108345
0.011143961890921587
0.011174802552008398
0.01120572856392336
0.011236740162872946
0.011267837585717339
0.0112990210699722
0.011330290853810532
0.011361647176064473
0.011393090276227116
0.011424620394454355
0.011456237771566697
0.011487942649051125
0.01151973526906293
0.011551615874427558
0.011583584708642482
0.011615642015879024
0.011647788040984269
0.011680023029482895
0.011712347227579075
0.011744760882158345
0.011777264240789474
0.011809857551726394
0.011842541063910065
0.011875315026970385
0.011908179691228106
0.011941135307696714
0.011974182128084392
0.012007320404795912
0.01204055039093457
0.012073872340304125
0.012107286507410709
0.012140793147464838
0.01217439251638327
0.012208084870791036
0.01224187046802337
0.012275749566127647
0.012309722423865433
0.012343789300714357
0.012377950456870183
0.012412206153248742
0.012446556651487957
0.012481002213949823
0.012515543103722403
0.012550179584621866
0.012584911921194486
0.012619740378718654
0.012654665223206928
0.01268968672140802
0.012724805140808895
0.012760020749636765
0.012795333816861161
0.012830744612195983
0.012866253406101544
0.012901860469786664
0.012937566075210724
0.012973370495085745
0.013009274002878478
0.013045276872812471
0.013081379379870197
0.013117581799795127
0.01315388440909385
0.013190287485038187
0.01322679130566728
0.01326339614978976
0.01330010229698585
0.013336910027609498
0.013373819622790538
0.013410831364436805
0.01344794553523632
0.013485162418659439
0.013522482298961011
0.01355990546118256
0.01359743219115443
0.013635062775498046
0.013672797501627995
0.013710636657754311
0.013748580532884634
0.013786629416826424
0.013824783600189188
0.013863043374386663
0.01390140903163909
0.013939880864975416
0.013978459168235539
0.014017144236072556
0.014055936363954994
0.014094835848169101
0.014133842985821082
0.014172958074839377
0.014212181413976947
0.01425151330281352
0.014290954041757925
0.014330503932050362
0.014370163275764701
0.014409932375810808
0.014449811535936821
0.014489801060731512
0.014529901255626594
0.014570112426899052
0.014610434881673495
0.014650868927924469
0.014691414874478852
0.014732073031018192
0.014772843708081069
0.014813727217065479
0.014854723870231188
0.014895833980702147
0.01493705786246887
0.014978395830390833
0.015019848200198879
0.015061415288497606
0.015103097412767857
0.015144894891369047
0.015186808043541666
0.015228837189409697
0.01527098264998305
0.015313244747160039
0.015355623803729792
0.015398120143374777
0.015440734090673239
0.015483465971101685
0.015526316111037376
0.015569284837760792
0.015612372479458183
0.01565557936522403
0.015698905825063583
0.015742352189895382
0.015785918791553746
0.015829605962791368
0.015873414037281812
0.01591734334962209
0.015961394235335193
0.016005567030872653
0.01604986207361715
0.016094279701885036
0.01613882025492897
0.016183484072940478
0.01622827149705253
0.01627318286934223
0.01631821853283332
0.016363378831498878
0.016408664110263926
0.016454074715008017
0.016499610992567984
0.016545273290740462
0.01659106195828464
0.016636977344924885
0.01668301980135339
0.016729189679232936
0.01677548733119947
0.016821913110864874
0.016868467372819655
0.016915150472635598
0.016961962766868587
0.017008904613061208
0.017055976369745575
0.017103178396446025
0.017150511053681837
0.017197974702970083
0.017245569706828265
0.017293296428777173
0.01734115523334364
0.017389146486063278
0.01743727055348337
0.01748552780316556
0.017533918603688733
0.017582443324651805
0.017631102336676547
0.017679896011410432
0.01772882472152942
0.01777788884074088
0.017827088743786395
0.01787642480644464
0.017925897405534255
0.01797550691891668
0.018025253725499145
0.018075138205237425
0.018125160739138866
0.01817532170926523
0.018225621498735592
0.018276060491729366
0.018326639073489113
0.018377357630323575
0.018428216549610594
0.018479216219800042
0.018530357030416878
0.018581639372063995
0.018633063636425307
0.018684630216268712
0.018736339505449038
0.01878819189891117
0.018840187792692926
0.01889232758392818
0.01894461167084988
0.01899704045279302
0.019049614330197823
0.019102333704612652
0.01915519897869718
0.019208210556225437
0.019261368842088844
0.019314674242299424
0.019368127163992756
0.019421728015431197
0.019475477206006956
0.019529375146245215
0.019583422247807302
0.01963761892349376
0.019691965587247586
0.019746462654157353
0.019801110540460368
0.019855909663545886
0.01991086044195823
0.019965963295400107
0.020021218644735675
0.02007662691199386
0.020132188520371547
0.020187903894236765
0.020243773459132045
0.020299797641777525
0.02035597687007432
0.020412311573107758
0.020468802181150606
0.02052544912566647
0.020582252839312955
0.020639213755945074
0.020696332310618525
0.02075360893959297
0.020811044080335482
0.02086863817152375
0.02092639165304952
0.020984304966021942
0.021042378552770875
0.02110061285685039
0.02115900832304202
0.02121756539735825
0.021276284527045903
0.0213351661605895
0.021394210747714807
0.02145341873939213
0.021512790587839854
0.021572326746527867
0.021632027670181023
0.021691893814782627
0.021751925637577874
0.021812123597077408
0.02187248815306078
0.021933019766579964
0.021993718899962912
0.022054586016816997
0.022115621582032705
0.022176826061787006
0.02223819992354706
0.022299743636073722
0.022361457669425096
0.022423342494960235
0.02248539858534259
0.02254762641454374
0.022610026457846974
0.022672599191850863
0.022735345094473048
0.0227982646449537
0.022861358323859333
0.022924626613086415
0.022988069995865005
0.02305168895676257
0.023115483981687522
0.02317945555789307
0.023243604173980876
0.023307930319904756
0.02337243448697454
0.023437117167859664
0.023501978856593064
0.0235670200485749
0.023632241240576293
0.023697642930743258
0.02376322561860032
0.02382898980505448
0.023894935992398985
0.02396106468431716
0.024027376385886267
0.02409387160358133
0.02416055084527907
0.024227414620261727
0.024294463439220974
0.024361697814261812
0.024429118258906448
0.024496725288098323
0.024564519418205893
0.024632501167026696
0.024700671053791274
0.02476902959916706
0.02483757732526253
0.024906314755630977
0.024975242415274677
0.025044360830648843
0.025113670529665573
0.02518317204169805
0.0252528658975844
0.02532275262963187
0.02539283277162087
0.025463106858808964
0.025533575427935145
0.025604239017223702
0.025675098166388525
0.025746153416637125
0.025817405310674762
0.025888854392708695
0.02596050120845218
0.02603234630512878
0.02610439023147648
0.026176633537751827
0.026249076775734292
0.026321720498730293
0.026394565261577553
0.026467611620649287
0.02654086013385847
0.02661431136066208
0.026687965862065365
0.026761824200626165
0.026835886940459176
0.02691015464724027
0.02698462788821083
0.02705930723218202
0.027134193249539227
0.027209286512246342
0.02728458759385016
0.02736009706948476
0.027435815515875848
0.02751174351134529
0.027587881635815357
0.02766423047081329
0.027740790599475696
0.027817562606552944
0.02789454707841379
0.027971744603049645
0.02804915577007923
0.028126781170753026
0.028204621397957732
0.02828267704622094
0.02836094871171549
0.028439436992264165
0.028518142487344224
0.028597065798091893
0.028676207527307138
0.028755568279458056
0.028835148660685657
0.02891494927880843
0.028994970743326926
0.029075213665428586
0.02915567865799219
0.029236366335592703
0.0293172773145059
0.02939841221271309
0.029479771649905836
0.029561356247490646
0.0296431666285938
0.02972520341806605
0.029807467242487406
0.029889958730171945
0.029972678511172537
0.03005562721728576
0.030138805482056653
0.03022221394078358
0.0303058532305231
0.030389723990094743
0.03047382686008606
0.03055816248285732
0.03064273150254656
0.030727534565074457
0.030812572318149198
0.0308978454112716
0.030983354495739843
0.031069100224654624
0.03115508325292408
0.03124130423726874
0.03132776383622669
0.03141446271015839
0.03150140152125191
0.031588580933527906
0.031676001612844625
0.03176366422690319
0.031851569445252435
0.03193971793929424
0.032028110382288574
0.03211674744935855
0.032205629817495814
0.032294758165565436
0.032384133174311304
0.03247375552636124
0.032563625906232165
0.0326537450003355
0.032744113496982176
0.03283473208638808
0.03292560146067924
0.03301672231389711
0.033108095342003915
0.033199721242887906
0.033291600716368754
0.03338373446420285
0.033476123190088684
0.033568767599672235
0.03366166840055227
0.033754826302285934
0.03384824201639395
0.033941916256366216
0.03403584973766719
0.034130043177741314
0.03422449729601864
0.034319212813920114
0.034414190454863276
0.0345094309442677
0.03460493500956046
0.03470070338018191
0.034796736787590994
0.034893035965271
0.03498960164873512
0.03508643457553201
0.035183535485251584
0.03528090511953043
0.03537854422205766
0.03547645353858057
0.035574633816910166
0.03567308580692717
0.03577181026058744
0.035870807931927935
0.03597007957707239
0.03606962595423702
0.0361694478237365
0.03626954594798957
0.03636992109152498
0.03647057402098731
0.03657150550514278
0.03667271631488519
0.036774207223241706
0.03687597900537891
0.03697803243860858
0.03708036830239373
0.0371829873783545
0.0372858904502741
0.037389078304104956
0.03749255172797448
0.03759631151219127
0.0377003584492511
0.03780469333384287
0.037909316962854905
0.038014230135380765
0.03811943365272556
0.03822492831841199
0.038330714938186405
0.0384367943200252
0.038543167274140644
0.03864983461298738
0.03875679715126846
0.03886405570594156
0.03897161109622537
0.039079464143605656
0.039187615671841675
0.03929606650697242
0.039404817477322863
0.039513869413510476
0.039623223148451306
0.03973287951736656
0.0398428393577889
0.039953103509568766
0.040063672814880984
0.04017454811823097
0.040285730266461345
0.04039722010875834
0.04050901849665829
0.04062112628405415
0.04073354432720195
0.04084627348472744
0.040959314617632595
0.041072668589302176
0.041186336265510375
0.0413003185144273
0.041414616206625864
0.041529230215088093
0.041644161415212086
0.04175941068481857
0.04187497890415754
0.04199086695591522
0.042107075725220475
0.04222360609965186
0.042340458969244266
0.04245763522649564
0.04257513576637408
0.0426929614863243
0.042811113286274786
0.04292959206864454
0.0430483987383499
0.0431675342028117
0.043286999371961885
0.04340679515825071
0.04352692247665361
0.04364738224467809
0.043768175382371016
0.043889302812325295
0.044010765459687184
0.04413256425216325
0.04425470012002739
0.044377173996128165
0.044499986815895606
0.04462313951734863
0.044746633041102074
0.0448704683303739
0.044994646330992434
0.04511916799140348
0.045244034262677736
0.04536924609851791
0.045494804455266095
0.04562071029191104
0.0457469645700954
0.045873568254123254
0.04600052231096731
0.046127827710276376
0.04625548542438276
0.046383496428309565
0.04651186169977845
0.04664058221921669
0.04676965896976501
0.0468990929372849
0.04702888511036615
0.0471590364803346
0.047289548041259385
0.04742042078996082
0.047551655726017876
0.047683253851775756
0.04781521617235379
0.047947543695652795
0.04808023743236301
0.04821329839597176
0.04834672760277104
0.04848052607186562
0.04861469482518043
0.04874923488746864
0.048884147286319436
0.04901943305216569
0.04915509321829218
0.04929112882084309
0.04942754089883022
0.04956433049414076
0.04970149865154533
0.04983904641870593
0.04997697484618389
0.050115284987448
0.05025397789888248
0.05039305463979507
0.05053251627242515
0.050672363861951744
0.050812598476501804
0.05095322118715829
0.05109423306796834
0.05123563519595154
0.05137742865110801
0.05151961451642683
0.05166219387789419
0.051805167824501744
0.05194853744825489
0.05209230384418115
0.05223646811033844
0.052381031347823605
0.052525994660780714
0.052671359156409546
0.05281712594497404
0.052963296139810705
0.05310987085733723
0.05325685121706098
0.0534042383415875
0.05355203335662916
0.05370023739101363
0.05384885157669267
0.05399787704875064
0.05414731494541327
0.05429716640805625
0.05444743258121407
0.05459811461258857
0.05474921365305796
0.05490073085668542
0.05505266738072796
0.05520502438564534
0.05535780303510876
0.05551100449600993
0.0556646299384699
0.05581868053584798
0.055973157464750775
0.05612806190504102
0.056283395039846786
0.056439158055570406
0.05659535214189752
0.05675197849180627
0.056909038301576224
0.057066532770797714
0.05722446310238089
0.05738283050256493
0.05754163618092723
0.05770088135039273
0.05786056722724299
0.05802069503112571
0.0581812659850639
0.05834228131546526
0.05850374225213158
0.05866565002826799
0.05882800588049261
0.05899081104884581
0.05915406677679977
0.059317774311267946
0.05948193490261455
0.05964654980466422
0.05981162027471148
0.05997714757353041
0.06014313296538428
0.060309577718035086
0.0604764831027534
0.060643850394328014
0.060811680871075635
0.0609799758148507
0.06114873651105517
0.06131796424864824
0.06148766032015637
0.06165782602168302
0.061828462652918574
0.061999571517150326
0.06217115392127229
0.062343211175795374
0.06251574459485726
0.0626887554962325
0.06286224520134254
0.06303621503526578
0.06321066632674782
0.0633856004082115
0.06356101861576713
0.06373692228922265
0.0639133127720939
0.06409019141161486
0.06426755955874792
0.06444541856819433
0.06462376979840434
0.06480261461158776
0.06498195437372417
0.06516179045457358
0.06534212422768675
0.0655229570704157
0.06570429036392425
0.06588612549319851
0.06606846384705757
0.06625130681816403
0.06643465580303465
0.06661851220205103
0.06680287741947023
0.06698775286343563
0.06717313994598759
0.06735904008307426
0.06754545469456243
0.06773238520424829
0.06791983303986834
0.06810779963311035
0.06829628641962425
0.06848529483903308
0.06867482633494407
0.06886488235495944
0.06905546435068777
0.0692465737777549
0.06943821209581504
0.06963038076856203
0.06982308126374033
0.07001631505315647
0.07021008361269013
0.07040438842230541
0.07059923096606226
0.07079461273212768
0.07099053521278713
0.07118699990445593
0.07138400830769073
0.07158156192720096
0.07177966227186026
0.071978310854718
0.07217750919301094
0.07237725880817475
0.07257756122585564
0.07277841797592204
0.07297983059247612
0.07318180061386582
0.07338432958269632
0.07358741904584196
0.07379107055445804
0.07399528566399255
0.07420006593419824
0.07440541292914443
0.07461132821722895
0.07481781337119012
0.07502486996811883
0.07523249958947044
0.07544070382107702
0.07564948425315941
0.0758588424803393
0.07606878010165155
0.07627929872055612
0.07649039994495072
0.07670208538718276
0.07691435666406184
0.07712721539687205
0.07734066321138423
0.07755470173786866
0.07776933261110727
0.07798455747040622
0.07820037795960849
0.0784167957271062
0.07863381242585347
0.07885142971337895
0.0790696492517984
0.07928847270782746
0.07950790175279444
0.07972793806265287
0.07994858331799456
0.08016983920406229
0.08039170741076271
0.08061418963267927
0.08083728756908506
0.08106100292395595
0.0812853374059835
0.08151029272858804
0.08173587060993179
0.08196207277293181
0.08218890094527344
0.08241635685942328
0.08264444225264252
0.08287315886700017
0.0831025084493864
0.08333249275152577
0.08356311352999078
0.08379437254621522
0.08402627156650755
0.0842588123620645
0.08449199670898448
0.08472582638828126
0.0849603031858975
0.08519542889271849
0.08543120530458567
0.08566763422231043
0.08590471745168789
0.0861424568035107
0.08638085409358277
0.08661991114273332
0.0868596297768305
0.08710001182679562
0.08734105912861705
0.08758277352336413
0.0878251568572014
0.08806821098140258
0.08831193775236469
0.0885563390316224
0.08880141668586203
0.08904717258693598
0.089293608611877
0.08954072664291232
0.08978852856747833
0.09003701627823486
0.09028619167307955
0.09053605665516255
0.09078661313290076
0.09103786301999273
0.09128980823543305
0.09154245070352714
0.09179579235390585
0.0920498351215403
0.09230458094675645
0.09256003177525021
0.09281618955810214
0.09307305625179234
0.09333063381821548
0.09358892422469556
0.0938479294440013
0.09410765145436094
0.09436809223947741
0.09462925378854355
0.0948911380962571
0.09515374716283624
0.09541708299403463
0.09568114760115684
0.0959459430010737
0.09621147121623756
0.096477734274698
0.09674473421011713
0.09701247306178518
0.09728095287463603
0.097550175699263
0.09782014359193415
0.09809085861460842
0.09836232283495108
0.09863453832634965
0.09890750716792973
0.09918123144457074
0.09945571324692205
0.09973095467141885
0.10000695782029814
0.1002837248016149
0.1005612577292579
0.10083955872296625
0.1011186299083453
0.101398473416883
0.10167909138596617
0.10196048595889665
0.10224265928490797
0.10252561351918159
0.10280935082286334
0.10309387336308003
0.10337918331295594
0.10366528285162929
0.10395217416426918
0.10423985944209205
0.1045283408823785
0.10481762068849007
0.10510770106988594
0.10539858424214003
0.10569027242695782
0.10598276785219325
0.10627607275186586
0.10657018936617765
0.10686511994153047
0.10716086673054301
0.10745743199206798
0.10775481799120946
0.1080530269993402
0.10835206129411873
0.10865192315950715
0.1089526148857883
0.10925413876958331
0.10955649711386925
0.10985969222799644
0.11016372642770643
0.11046860203514948
0.11077432137890238
0.1110808867939862
0.11138830062188403
0.11169656521055907
0.11200568291447242
0.11231565609460112
0.11262648711845619
0.1129381783601005
0.11325073220016729
0.11356415102587808
0.11387843723106097
0.11419359321616891
0.11450962138829814
0.11482652416120624
0.1151443039553311
0.11546296319780894
0.1157825043224931
0.11610292976997257
0.11642424198759048
0.11674644342946307
0.11706953655649822
0.11739352383641437
0.11771840774375933
0.11804419075992899
0.11837087537318665
0.11869846407868172
0.11902695937846894
0.11935636378152736
0.1196866798037797
0.12001790996811121
0.12035005680438934
0.1206831228494829
0.12101711064728135
0.12135202274871441
0.12168786171177125
0.12202463010152038
0.12236233049012905
0.12270096545688289
0.12304053758820574
0.1233810494776791
0.12372250372606233
0.1240649029413123
0.12440824973860332
0.12475254674034718
0.12509779657621298
0.12544400188314755
0.12579116530539536
0.1261392894945187
0.1264883771094181
0.12683843081635252
0.12718945328895956
0.12754144720827626
0.1278944152627593
0.1282483601483056
0.12860328456827297
0.1289591912335005
0.1293160828623297
0.12967396218062494
0.1300328319217943
0.1303926948268107
0.1307535536442323
0.13111541113022415
0.1314782700485788
0.13184213317073748
0.1322070032758115
0.13257288315060306
0.1329397755896269
0.13330768339513155
0.13367660937712061
0.1340465563533744
0.13441752714947133
0.13478952459880944
0.1351625515426283
0.13553661083003044
0.13591170531800326
0.13628783787144086
0.1366650113631657
0.13704322867395083
0.1374224926925418
0.13780280631567865
0.13818417244811815
0.13856659400265572
0.1389500739001481
0.13933461506953534
0.13972022044786325
0.1401068929803059
0.14049463562018807
0.14088345132900765
0.14127334307645859
0.14166431384045333
0.14205636660714557
0.1424495043709533
0.14284373013458118
0.14323904690904407
0.14363545771368963
0.14403296557622147
0.14443157353272248
0.1448312846276775
0.1452321019139972
0.14563402845304108
0.14603706731464075
0.1464412215771237
0.14684649432733632
0.14725288866066807
0.14766040768107472
0.14806905450110217
0.14847883224191025
0.14888974403329652
0.14930179301372004
0.14971498233032568
0.1501293151389679
0.1505447946042349
0.15096142389947287
0.15137920620680997
0.15179814471718103
0.15221824263035166
0.15263950315494274
0.15306192950845499
0.15348552491729328
0.15391029261679176
0.15433623585123812
0.15476335787389864
0.15519166194704287
0.1556211513419687
0.15605182933902706
0.1564836992276474
0.1569167643063625
0.1573510278828338
0.15778649327387664
0.15822316380548535
0.15866104281285912
0.15910013364042713
0.15954043964187425
0.15998196418016658
0.16042471062757702
0.1608686823657113
0.16131388278553366
0.1617603152873927
0.16220798328104757
0.1626568901856935
0.16310703942998858
0.16355843445207952
0.16401107869962805
0.16446497562983725
0.16492012870947792
0.1653765414149149
0.165834217232134
0.16629315965676839
0.16675337219412525
0.16721485835921276
0.1676776216767665
0.168141665681277
0.16860699391701625
0.169073609938065
0.16954151730833986
0.17001071960162026
0.17048122040157632
0.17095302330179568
0.1714261319058112
0.1719005498271285
0.17237628068925345
0.17285332812571974
0.17333169578011698
0.1738113873061183
0.17429240636750823
0.17477475663821088
0.17525844180231753
0.17574346555411544
0.1762298315981156
0.17671754364908113
0.17720660543205582
0.1776970206823921
0.17818879314578018
0.17868192657827636
0.17917642474633166
0.17967229142682084
0.1801695304070707
0.18066814548488971
0.18116814046859667
0.18166951917704965
0.18217228543967545
0.1826764430964988
0.1831819959981713
0.1836889480060014
0.18419730299198364
0.18470706483882807
0.18521823743999027
0.18573082469970054
0.18624483053299432
0.18676025886574174
0.18727711363467767
0.18779539878743196
0.18831511828255906
0.18883627608956902
0.1893588761889572
0.18988292257223496
0.19040841924196023
0.1909353702117675
0.19146377950639934
0.19199365116173647
0.1925249892248289
0.19305779775392679
0.19359208081851143
0.19412784249932602
0.1946650868884075
0.19520381808911724
0.19574404021617262
0.1962857573956785
0.19682897376515834
0.19737369347358635
0.19791992068141895
0.1984676595606264
0.19901691429472498
0.19956768907880842
0.20011998811958057
0.20067381563538716
0.2012291758562481
0.20178607302388976
0.20234451139177748
0.20290449522514772
0.20346602880104112
0.2040291164083349
0.2045937623477756
0.2051599709320121
0.20572774648562814
0.20629709334517593
0.20686801585920891
0.20744051838831504
0.20801460530515017
0.2085902809944711
0.2091675498531697
0.209746416290306
0.2103268847271419
0.21090895959717532
0.21149264534617337
0.21207794643220704
0.21266486732568485
0.21325341250938706
0.21384358647849994
0.21443539374065015
0.21502883881593882
0.21562392623697668
0.21622066054891823
0.21681904630949658
0.2174190880890584
0.21802079047059839
0.21862415804979476
0.21922919543504424
0.21983590724749708
0.22044429812109256
0.22105437270259404
0.22166613565162496
0.22227959164070402
0.22289474535528106
0.2235116014937728
0.22413016476759884
0.22475043990121713
0.2253724316321608
0.225996144711074
0.226621583901748
0.22724875398115799
0.22787765973949894
0.22850830598022295
0.22914069752007543
0.22977483918913202
0.2304107358308356
0.2310483923020328
0.2316878134730119
0.23232900422753935
0.23297196946289742
0.23361671408992152
0.23426324303303744
0.23491156123029946
0.23556167363342775
0.23621358520784624
0.23686730093272057
0.23752282580099618
0.23818016481943607
0.23883932300865968
0.2395003054031808
0.24016311705144608
0.24082776301587375
0.24149424837289188
0.2421625782129777
0.24283275764069623
0.24350479177473908
0.24417868574796403
0.24485444470743342
0.24553207381445438
0.24621157824461778
0.24689296318783774
0.2475762338483915
0.24826139544495862
0.24894845321066167
0.2496374123931056
0.250328278254418
0.2510210560712893
0.25171575113501304
0.2524123687515262
0.2531109142414498
0.25381139294012994
0.25451381019767766
0.2552181713790108
0.2559244818638939
0.25663274704698036
0.2573429723378529
0.2580551631610654
0.258769324956184
0.2594854631778283
0.2602035832957139
0.2609236907946936
0.26164579117479936
0.2623698899512844
0.2630959926546654
0.26382410483076413
0.26455423204075085
0.2652863798611859
0.2660205538840629
0.2667567597168511
0.26749500298253787
0.2682352893196726
0.26897762438240913
0.2697220138405489
0.2704684633795846
0.27121697870074296
0.27196756552102924
0.2727202295732702
0.2734749766061578
0.274231812384294
0.27499074268823337
0.27575177331452855
0.276514910075774
0.2772801588006502
0.2780475253339685
0.27881701553671573
0.2795886352860985
0.28036239047558875
0.28113828701496846
0.28191633083037476
0.28269652786434535
0.28347888407586336
0.2842634054404036
0.28505009794997793
0.28583896761318084
0.2866300204552356
0.2874232625180398
0.2882186998602121
0.28901633855713826
0.28981618470101755
0.2906182444009092
0.2914225237827793
0.29222902898954684
0.29303776618113186
0.2938487415345015
0.2946619612437177
0.29547743151998423
0.29629515859169403
0.2971151487044773
0.29793740812124875
0.29876194312225546
0.2995887600051253
0.3004178650849141
0.3012492646941549
0.3020829651829059
0.30291897291879866
0.30375729428708736
0.3045979356906968
0.30544090355027215
0.30628620430422726
0.3071338444087943
0.307983830338073
0.30883616858407986
0.30969086565679776
0.3105479280842261
0.3114073624124302
0.3122691752055916
0.3131333730460581
0.31399996253439355
0.31486895028942913
0.3157403429483135
0.3166141471665633
0.3174903696181144
0.3183690169953721
0.3192500960092634
0.3201336133892873
0.32101957588356667
0.3219079902588997
0.3227988633008112
0.3236922018136051
0.32458801262041603
0.32548630256326144
0.32638707850309395
0.32729034731985385
0.32819611591252096
0.32910439119916846
0.33001518011701486
0.33092848962247745
0.33184432669122527
0.33276269831823185
0.33368361151782966
0.33460707332376316
0.3355330907892423
0.33646167098699703
0.3373928210093302
0.33832654796817313
0.3392628589951389
0.34020176124157747
0.3411432618786296
0.34208736809728246
0.34303408710842354
0.3439834261428968
0.3449353924515572
0.3458899933053263
0.346847235995248
0.34780712783254336
0.3487696761486677
0.34973488829536575
0.350702771644728
0.35167333358924735
0.35264658154187456
0.35362252293607616
0.3546011652258904
0.35558251588598455
0.35656658241171185
0.3575533723191684
0.35854289314525134
0.3595351524477159
0.36053015780523306
0.3615279168174479
0.36252843710503724
0.36353172630976754
0.36453779209455417
0.36554664214351934
0.36655828416205083
0.3675727258768611
0.3685899750360455
0.3696100394091427
0.3706329267871933
0.3716586449827991
0.37268720183018367
0.37371860518525074
0.37475286292564586
0.37578998295081545
0.37682997318206757
0.3778728415626323
0.3789185960577225
0.37996724465459414
0.3810187953626083
0.3820732562132915
0.38313063526039753
0.38419094057996866
0.3852541802703971
0.3863203624524876
0.38738949526951894
0.3884615868873062
0.38953664549426337
0.39061467930146515
0.3916956965427107
0.39277970547458585
0.3938667143765265
0.3949567315508817
0.39604976532297653
0.3971458240411768
0.39824491607695217
0.39934704982493996
0.40045223370300953
0.40156047615232676
0.4026717856374176
0.40378617064623407
0.404903639690218
0.4060242013043666
0.40714786404729775
0.40827463650131435
0.40940452727247134
0.41053754499064055
0.41167369830957656
0.41281299590698356
0.41395544648458016
0.4151010587681676
0.4162498415076953
0.41740180347732797
0.4185569534755128
0.4197153003250459
0.4208768528731409
0.42204161999149564
0.4232096105763602
0.4243808335486049
0.42555529785378843
0.42673301246222556
0.42791398636905686
0.42909822859431657
0.4302857481830015
0.4314765542051407
0.4326706557558635
0.43386806195547056
0.43506878194950255
0.4362728249088101
0.43748020002962434
0.4386909165336259
0.4399049836680171
0.4411224107055913
0.4423432069448041
0.44356738170984444
0.44479494435070593
0.4460259042432574
0.4472602707893159
0.4484980534167175
0.44973926157938965
0.4509839047574235
0.4522319924571455
0.4534835342111913
0.45473853957857774
0.4559970181447759
0.45725897952178474
0.4585244333482036
0.45979338928930685
0.4610658570371174
0.4623418463104803
0.46362136685513783
0.46490442844380236
0.466191040876233
0.467481213979309
0.46877495760710547
0.4700722816409683
0.4713731959895902
0.4726777105890851
0.47398583540306555
0.47529758042271814
0.47661295566687967
0.4779319711821142
0.47925463704278864
0.4805809633511512
0.4819109602374076
0.48324463785979865
0.48458200640467824
0.48592307608658986
0.48726785714834625
0.48861635986110685
0.4899685945244561
0.49132457146648245
0.49268430104385713
0.49404779364191276
0.4954150596747237
0.4967861095851848
0.4981609538450914
0.4995396029552196
0.500922067445405
0.5023083578746262
0.503698484831082
0.5050924589322738
0.506490290825088
0.5078919911858744
0.5092975707205308
0.5107070401645826
0.5121204102832647
0.5135376918716067
0.5149588957545107
0.5163840327868388
0.517813113853492
0.5192461498694954
0.5206831517800821
0.522124130560774
0.52356909721747
0.5250180627865257
0.5264710383348395
0.5279280349599389
0.5293890637900613
0.5308541359842437
0.5323232627324027
0.5337964552554256
0.5352737248052514
0.5367550826649582
0.5382405401488519
0.5397301086025481
0.5412237994030633
0.542721623958898
0.5442235937101255
0.545729720128481
0.547240014717445
0.5487544890123359
0.5502731545803944
0.5517960230208729
0.5533231059651267
0.5548544150766976
0.5563899620514091
0.5579297586174502
0.5594738165354678
0.5610221475986577
0.5625747636328506
0.5641316764966079
0.5656928980813068
0.5672584403112341
0.5688283151436783
0.570402534569017
0.5719811106108137
0.5735640553259046
0.5751513808044931
0.5767430991702438
0.5783392225803707
0.5799397632257354
0.5815447333309349
0.5831541451543985
0.5847680109884812
0.5863863431595552
0.5880091540281075
0.5896364559888305
0.5912682614707209
0.5929045829371703
0.5945454328860628
0.5961908238498718
0.5978407683957514
0.5994952791256378
0.6011543686763408
0.6028180497196421
0.6044863349623945
0.6061592371466138
0.6078367690495818
0.6095189434839394
0.6112057732977859
0.6128972713747793
0.6145934506342307
0.616294324031207
0.6179999045566267
0.61971020523736
0.6214252391363305
0.6231450193526109
0.6248695590215277
0.6265988713147571
0.6283329694404278
0.6300718666432235
0.6318155762044796
0.6335641114422901
0.6353174857116044
0.6370757124043316
0.6388388049494442
0.640606776813077
0.6423796414986341
0.6441574125468885
0.6459401035360864
0.647727728082054
0.6495202998382962
0.6513178324961061
0.6531203397846652
0.6549278354711505
0.6567403333608411
0.6585578472972192
0.6603803911620814
0.6622079788756389
0.6640406243966296
0.66587834172242
0.6677211448891137
0.6695690479716612
0.6714220650839623
0.6732802103789792
0.6751434980488406
0.6770119423249509
0.6788855574781021
0.6807643578185775
0.6826483576962664
0.6845375715007692
0.686432013661509
0.6883316986478442
0.6902366409691739
0.6921468551750547
0.6940623558553064
0.695983157640126
0.697909275200201
0.6998407232468172
0.7017775165319765
0.7037196698485041
0.7056671980301641
0.7076201159517752
0.7095784385293186
0.7115421807200579
0.713511357522649
0.7154859839772556
0.7174660751656673
0.7194516462114091
0.7214427122798631
0.7234392885783788
0.725441390356392
0.7274490329055429
0.7294622315597881
0.7314810016955237
0.7335053587316963
0.7355353181299277
0.7375708953946263
0.7396121060731092
0.7416589657557227
0.7437114900759553
0.7457696947105644
0.7478335953796904
0.7499032078469782
0.751978547919701
0.7540596314488749
0.7561464743293866
0.7582390925001092
0.7603375019440264
0.7624417186883563
0.7645517588046693
0.7666676384090166
0.7687893736620476
0.7709169807691361
0.7730504759805061
0.775189875591351
0.7773351959419634
0.7794864534178554
0.7816436644498851
0.7838068455143855
0.7859760131332841
0.7881511838742356
0.7903323743507428
0.7925196012222863
0.7947128811944537
0.7969122310190616
0.7991176674942904
0.8013292074648062
0.8035468678218928
0.8057706655035822
0.8080006174947794
0.8102367408273973
0.8124790525804814
0.8147275698803462
0.8169823099007005
0.819243289862781
0.8215105270354861
0.8237840387355022
0.8260638423274426
0.8283499552239743
0.8306423948859534
0.8329411788225611
0.8352463245914314
0.8375578497987922
0.8398757720995934
0.842200109197645
0.8445308788457541
0.8468680988458548
0.8492117870491516
0.8515619613562486
0.8539186397172898
0.8562818401320982
0.8586515806503078
0.8610278793715074
0.8634107544453741
0.8658002240718131
0.8681963065011007
0.8705990200340166
0.8730083830219909
0.8754244138672386
0.8778471310229019
0.8802765529931947
0.8827126983335373
0.8851555856507051
0.8876052336029647
0.8900616609002192
0.8925248863041533
0.8949949286283709
0.8974718067385459
0.8999555395525582
0.902446146040647
0.9049436452255478
0.9074480561826416
0.9099593980401023
0.9124776899790373
0.9150029512336411
0.917535201091335
0.9200744588929184
0.9226207440327184
0.925174075958732
0.9277344741727815
0.9303019582306574
0.9328765477422705
0.9354582623718042
0.9380471218378584
0.9406431459136076
0.9432463544269454
0.9458567672606382
0.9484744043524808
0.9510992856954413
0.953731431337822
0.9563708613834053
0.9590175959916105
0.9616716553776503
0.9643330598126789
0.9670018296239543
0.9696779851949867
0.9723615469656974
0.9750525354325775
0.9777509711488377
0.9804568747245733
0.9831702668269147
0.9858911681801877
0.9886195995660758
0.9913555818237707
0.9940991358501405
0.9968502825998808
0.999609043085683
1.0023754383783874
1.0051494896071473
1.0079312179595938
1.01072064468199
1.0135177910794018
1.016322678515853
1.0191353284144924
1.0219557622577593
1.0247840015875416
1.0276200680053476
1.0304639831724642
1.0333157688101262
1.0361754466996833
1.0390430386827612
1.041918566661436
1.0448020525983936
1.0476935185171021
1.0505929865019812
1.053500478698565
1.056416017313679
1.0593396246156024
1.0622713229342415
1.0652111346613031
1.0681590822504583
1.0711151882175225
1.0740794751406202
1.0770519656603599
1.0800326824800108
1.083021648365669
1.086018886146439
1.0890244187146012
1.0920382690257902
1.0950604600991727
1.0980910150176162
1.1011299569278739
1.1041773090407536
1.1072330946312992
1.11029733703897
1.113370059667813
1.11645128598665
1.119541039529247
1.1226393438945044
1.125746222746628
1.1288616998153143
1.131985798895934
1.1351185438497071
1.1382599586038933
1.1414100671519665
1.1445688935538028
1.1477364619358665
1.1509127964913863
1.154097921480551
1.1572918612306837
1.1604946401364344
1.1637062826599673
1.1669268133311408
1.1701562567477035
1.1733946375754747
1.1766419805485353
1.179898310469421
1.183163652209303
1.1864380307081879
1.1897214709750996
1.1930139980882737
1.196315637195353
1.1996264135135708
1.202946352329954
1.2062754790015062
1.2096138189554066
1.2129613976892073
1.2163182407710187
1.2196843738397156
1.2230598226051246
1.2264446128482231
1.2298387704213405
1.2332423212483472
1.236655291324862
1.2400777067184416
1.2435095935687883
1.2469509780879424
1.2504018865604847
1.2538623453437423
1.2573323808679802
1.260812019636614
1.2643012882264029
1.2678002132876565
1.2713088215444426
1.2748271397947821
1.2783551949108638
1.281893013839241
1.2854406236010407
1.2889980512921746
1.2925653240835362
1.2961424692212187
1.299729514026715
1.3033264858971296
1.306933412305391
1.3105503208004539
1.3141772390075193
1.3178141946282358
1.3214612154409162
1.3251183293007534
1.3287855641400226
1.3324629479683074
1.3361505088727024
1.339848275018033
1.3435562746470742
1.3472745360807565
1.3510030877183938
1.35474195803789
1.3584911755959614
1.3622507690283578
1.3660207670500728
1.3698011984555736
1.3735920921190097
1.3773934769944447
1.3812053821160677
1.3850278365984197
1.3888608696366191
1.3927045105065758
1.396558788565226
1.400423733250746
1.4042993740827816
1.4081857406626779
1.4120828626736952
1.4159907698812475
1.4199094921331195
1.4238390593596988
1.4277795015742092
1.4317308488729297
1.4356931314354355
1.4396663795248195
1.4436506234879258
1.4476458937555883
1.4516522208428506
1.4556696353492131
1.459698167958854
1.4637378494408702
1.4677887106495149
1.4718507825244247
1.4759240960908664
1.480008682459964
1.4841045728289415
1.4882117984813639
1.4923303907873675
1.4964603812039108
1.5006018012750038
1.5047546826319538
1.5089190569936122
1.5130949561666047
1.5172824120455881
1.5214814566134798
1.525692121941716
1.5299144401904856
1.5341484436089792
1.5383941645356412
1.542651635398406
1.546920888714958
1.551201957092968
1.5554948732303486
1.5597996699155077
1.5641163800275875
1.5684450365367295
1.5727856725043141
1.5771383210832188
1.5815030155180752
1.5858797891455125
1.5902686753944248
1.5946697077862149
1.5990829199350551
1.6035083455481496
1.6079460184259795
1.6123959724625747
1.6168582416457615
1.6213328600574257
1.6258198618737802
1.630319281365612
1.6348311528985593
1.6393555109333608
1.6438923900261249
1.648441824828598
1.6530038500884174
1.6575785006493917
1.6621658114517524
1.666765817532428
1.6713785540253159
1.6760040561615392
1.6806423592697286
1.6852934987762798
1.6899575102056363
1.6946344291805506
1.6993242914223592
1.7040271327512626
1.7087429890865857
1.713471896447066
1.7182138909511173
1.7229690088171101
1.7277372863636533
1.7325187600098604
1.7373134662756404
1.7421214417819653
1.7469427232511545
1.7517773475071616
1.756625351475842
1.7614867721852496
1.7663616467659076
1.7712500124510968
1.7761519065771458
1.7810673665837033
1.785996430014039
1.790939134515317
1.7958955178388885
1.8008656178405873
1.8058494724810044
1.8108471198257932
1.8158585980459476
1.8208839454180987
1.825923200324813
1.8309764012548724
1.836043586803583
1.841124795673057
1.8462200666725137
1.8513294387185821
1.856452950835584
1.861590642155848
1.8667425519199925
1.871908719477242
1.8770891842857123
1.8822839859127192
1.8874931640350856
1.892716758439432
1.8979548090224945
1.9032073557914169
1.908474438864062
1.9137560984693238
1.919052374947421
1.9243633087502203
1.9296889404415327
1.9350293106974283
1.9403844603065534
1.9457544301704282
1.9511392613037741
1.956538994834815
1.9619536720055952
1.967383334172302
1.9728280228055666
1.9782877794907978
1.9837626459284843
1.9892526639345207
1.9947578754405317
2.000278322494179
2.005814047259498
2.011365092017207
2.0169314991650333
2.022513311218047
2.028110570808969
2.0337233206885124
2.039351603725697
2.0449954629081817
2.050654941342598
2.056330082254866
2.0620209289905422
2.0677275250151324
2.073449913914434
2.0791881393948723
2.084942245283822
2.0907122755299556
2.0964982742035665
2.102300285496918
2.1081183537245693
2.1139525233237184
2.1198028388545493
2.1256693450005564
2.1315520865689033
2.1374511084907497
2.1433664558216012
2.1492981737416614
2.155246307556158
2.1612109026957107
2.1671920047166595
2.1731896593014217
2.179203912258845
2.185234809524544
2.191282397161268
2.197346721359237
2.2034278284365008
2.209525764839301
2.2156405771424086
2.2217723120494988
2.227921016393491
2.234086737136913
2.240269521372268
2.2464694163223777
2.2526864693407607
2.2589207279119776
2.265172239652003
2.2714410523085933
2.2777272137616373
2.2840307720235393
2.2903517752395697
2.2966902716882402
2.3030463097816787
2.3094199380659832
2.315811205221612
2.322220160063736
2.3286468515426293
2.3350913287440287
2.341553640889514
2.3480338373368927
2.3545319675805585
2.3610480812518895
2.3675822281196104
2.3741344580901798
2.3807048212081785
2.387293367656674
2.3939001477576256
2.400525211972249
2.4071686109014108
2.4138303952860207
2.4205106160074044
2.427209324087709
2.4339265706902777
2.4406624071200467
2.447416884823945
2.45419005539127
2.4609819705541
2.467792682187676
2.4746222423107995
2.481470703086242
2.488338116821124
2.495224535967335
2.5021300131219157
2.509054601027468
2.5159983525725664
2.522961320792142
2.5299435588679096
2.5369451201287556
2.543966058051152
2.551006426259575
2.5580662785268933
2.5651456687748024
2.5722446510742136
2.5793632796456896
2.586501608859839
2.593659693237739
2.600837587451362
2.6080353463239723
2.615253024830567
2.622490678098277
2.629748361406798
2.6370261301888167
2.6443240400304195
2.6516421466715356
2.658980506006346
2.6663391740837166
2.6737182071076364
2.681117661437627
2.6885375935891926
2.695978060234237
2.703439118201501
2.7109208244770056
2.718423236204469
2.725946410685764
2.733490405381337
2.741055277910655
2.748641086052653
2.756247887746158
2.763875741090352
2.771524704345196
2.7791948359318845
2.7868861944333014
2.794598838594444
2.802332827322897
2.810088219689263
2.8178650749276195
2.8256634524359825
2.8334834117767396
2.841325012677126
2.84918831502966
2.8570733788926232
2.864980264490498
2.872909032214436
2.8808597426227296
2.8888324564412526
2.8968272345639487
2.904844138053275
2.912883228140677
2.920944566227066
2.929028213883268
2.9371342328505157
2.9452626850409005
2.9534136325378544
2.961587137596633
2.969783262644769
2.9780020702825754
2.986243623283599
2.994507984595113
3.0027952173386043
3.011105384810234
3.019438550481347
3.0277947779989343
3.036174131186128
3.0445766740426996
3.053002470745525
3.0614515856491016
3.069924083286016
3.0784200283674483
3.086939485783674
3.095482520604538
3.104049198079979
3.1126395836405014
3.1212537428976894
3.129891741644713
3.138553645856813
3.1472395216918256
3.1559494354906668
3.1646834537778603
3.1734416432620263
3.1822240708363996
3.19103080357935
3.199861908754873
3.2087174538131267
3.2175975063909283
3.2265021343122777
3.235431405588885
3.2443853884206693
3.253364151196304
3.262367762493717
3.271396291080624
3.280449805915063
3.2895283761459
3.2986320711133805
3.307760960349639
3.316915113579238
3.3260946007197107
3.3352994918820733
3.3445298573713846
3.353785767687262
3.363067293524429
3.3723745057732644
3.381707475520322
3.391066274048899
3.400450972839557
3.4098616435706797
3.4192983581190277
3.4287611885602662
3.438250207169542
3.447765486422011
3.4573070989934025
3.4668751177605843
3.4764696158020962
3.4860906663987343
3.495738343034088
3.50541271939511
3.515113869372691
3.5248418670621993
3.534596786764073
3.544378702984363
3.554187690435327
3.564023824035976
3.5738871789126594
3.5837778303996455
3.593695854039676
3.603641325584569
3.6136143209957736
3.6236149164449594
3.633643188314612
3.643699213198588
3.6537830679027308
3.6638948294454305
3.6740345750582253
3.6842023821863994
3.694398328489551
3.7046224918422155
3.7148749503344307
3.7251557822723482
3.7354650661788416
3.7458028807940793
3.756169305076156
3.766564418201671
3.7769882995663413
3.7874410287856226
3.797922685695289
3.808433350352073
3.8189731030342515
3.829542024242269
3.840140194699366
3.850767695352165
3.8614246073713243
3.872111012152127
3.882826991315117
3.8935726267067317
3.904348000399901
3.915153194694707
3.925988292118978
3.936853375428953
3.9477485276098845
3.958673831876685
3.9696293716745745
3.98061523067969
3.991631492799755
4.002678242174695
4.013755563177291
4.024863540413835
4.03600225872475
4.047171803185266
4.05837225910605
4.069603712033858
4.080866247752213
4.09215995228202
4.1034849118822665
4.114841213050644
4.126228942524225
4.137648187280138
4.149099034536201
4.160581571751624
4.172095886627646
4.183642067108211
4.195220201380668
4.206830377876399
4.218472685271537
4.230147212487609
4.241854048692236
4.253593283299816
4.265365005972183
4.277169306619327
4.289006275400047
4.300876002722657
4.312778579245684
4.324714095878535
4.336682643782222
4.348684314370029
4.360719199308239
4.372787390516807
4.384888980170075
4.397024060697486
4.4091927247842655
4.421395065372159
4.433631175660112
4.445901149104998
4.458205079422341
4.470543060587006
4.482915186833947
4.495321552658898
4.507762252819108
4.520237382334078
4.5327470364862545
4.5452913108217965
4.557870301151268
4.570484103550388
4.583132814360779
4.595816530190664
4.608535347915647
4.621289364679422
4.6340786778945215
4.646903385243083
4.659763584677554
4.672659374421487
4.685590852970249
4.698558119091789
4.711561271827413
4.724600410492497
4.737675634677293
4.7507870442476525
4.763934739345801
4.777118820391122
4.790339388080886
4.803596543391062
4.816890387577047
4.830221022174481
4.8435885489999855
4.856993070151958
4.870434688011366
4.883913505242493
4.897429624793764
4.910983149898497
4.924574184075706
4.938202831130905
4.95186919515687
4.965573380534468
4.979315491933424
4.993095634313137
5.0069139129234905
5.020770433305625
5.034665301292784
5.048598623011087
5.062570504880356
5.076581053614942
5.090630376224505
5.104718580014872
5.118845772588823
5.133012061846922
5.147217555988366
5.161462363511766
5.175746593216024
5.190070354201124
5.20443375586898
5.218836907924291
5.233279920375341
5.247762903534877
5.262285968020922
5.276849224757631
5.291452784976151
5.3060967602154445
5.3207812623231705
5.335506403456505
5.350272296083039
5.365079052981598
5.379926787243119
5.394815612271533
5.409745641784593
5.424716989814782
5.439729770710153
5.454784099135212
5.469880090071813
5.485017858819999
5.500197520998923
5.515419192547698
5.5306829897262935
5.545989029116442
5.561337427622494
5.5767283024723495
5.592161771218318
5.607637951738033
5.6231569622353685
5.638718921241302
5.6543239476148655
5.669972160544015
5.685663679546553
5.701398624471065
5.717177115497791
5.7329992731395905
5.7488652182428215
5.764775071988282
5.780728955892152
5.7967269918068824
5.81276930192217
5.828856008765853
5.844987235204861
5.861163104446174
5.877383740037719
5.893649265869365
5.909959806173818
5.926315485527621
5.9427164288520595
5.959162761414137
5.975654608827548
5.9921920970535965
6.008775352402206
6.025404501532841
6.042079671455494
6.0588009895316715
6.075568583475326
6.092382581353883
6.109243111589168
6.126150302958417
6.143104284595266
6.160105185990706
6.1771531369941135
6.194248267814203
6.211390709020037
6.2285805915420465
6.24581804667298
6.263103206068965
6.2804362017504625
6.2978171661033
6.315246231879696
6.332723532199234
6.350249200549928
6.367823370789196
6.3854461771449085
6.403117754216422
6.4208382369755705
6.438607760767747
6.456426461312887
6.474294474706529
6.492211937420874
6.510178986305779
6.528195758589856
6.546262391881475
6.564379024169834
6.582545793826032
6.600762839604082
6.61903030064202
6.637348316462918
6.655717026976003
6.674136572477674
6.692607093652599
6.71112873157481
6.729701627708726
6.748325923910299
6.767001762428038
6.785729285904125
6.80450863737552
6.823339960275008
6.842223398432347
6.8611590960753235
6.8801471978308655
6.899187848726179
6.918281194189797
6.937427380052754
6.956626552549647
6.975878858319772
6.99518444440827
7.0145434582671955
7.033956047756702
7.053422361146121
7.072942547115117
7.092516754754843
7.112145133569031
7.131827833475187
7.151565004805692
7.171356798308964
7.191203365150642
7.211104856914677
7.231061425604558
7.251073223644418
7.271140403880219
7.291263119580944
7.311441524439713
7.331675772575021
7.351966018531849
7.37231241728291
7.392715124229779
7.413174295204099
7.433690086468796
7.454262654719221
7.4748921570844065
7.495578751128213
7.516322594850553
7.537123846688628
7.557982665518075
7.578899210654249
7.599873641853385
7.620906119313837
7.641996803677328
7.663145856030123
7.6843534379043215
7.705619711279034
7.726944838581646
7.748328982689079
7.769772306928985
7.791274975081048
7.812837151378188
7.834459000507836
7.856140687613214
7.877882378294543
7.89968423861037
7.921546435078785
7.943469134678706
7.965452504851193
7.987496713500657
8.009601928996217
8.031768320172922
8.053996056333075
8.076285307247533
8.098636243156967
8.121049034773213
8.143523853280515
8.166060870336903
8.188660258075435
8.21132218910555
8.2340468365144
8.25683437386812
8.27968497521322
8.302598815077854
8.325576068473175
8.348616910894709
8.371721518323618
8.394890067228127
8.418122734564811
8.441419697779962
8.464781134810977
8.488207224087661
8.511698144533648
8.535254075567716
8.558875197105182
8.582561689559299
8.606313733842574
8.63013151136822
8.654015204051483
8.67796499431105
8.701981065070484
8.726063599759541
8.75021278231565
8.774428797185259
8.798711829325269
8.823062064204468
8.847479687804888
8.871964886623307
8.896517847672587
8.921138758483158
8.945827807104456
8.970585182106301
8.995411072580417
9.020305668141798
9.04526915893023
9.070301735611675
9.095403589379762
9.120574911957272
9.145815895597536
9.171126733085982
9.196507617741533
9.221958743418124
9.247480304506201
9.273072495934144
9.298735513169833
9.32446955222207
9.350274809642107
9.376151482525175
9.402099768511928
9.428119865790016
9.454211973095552
9.480376289714632
9.506613015484914
9.532922350797055
9.559304496596331
9.585759654384098
9.612288026219366
9.638889814720365
9.665565223066029
9.692314454997621
9.71913771482023
9.746035207404347
9.773007138187474
9.800053713175611
9.82717513894492
9.854371622643225
9.881643371991627
9.908990595286122
9.93641350139912
9.963912299781116
9.991487200462222
10.01913841405384
10.046866151750201
10.074670625330018
10.102552047158122
10.13051063018702
10.158546587958602
10.186660134605695
10.21485148485374
10.243120854022454
10.271468458027403
10.299894513381737
10.328399237197775
10.356982847188682
10.385645561670174
10.414387599562108
10.443209180390241
10.47211052428783
10.501091851997343
10.530153384872182
10.559295344878297
10.588517954595966
10.617821437221423
10.647206016568585
10.676671917070813
10.706219363782527
10.735848582381031
10.765559799168154
10.795353241072002
10.825229135648739
10.855187711084241
10.885229196195928
10.91535382043443
10.945561813885378
10.975853407271194
11.006228831952775
11.036688319931347
11.067232103850163
11.097860416996308
11.128573493302518
11.159371567348888
11.190254874364756
11.221223650230401
11.252278131478946
11.283418555298077
11.31464515953189
11.345958182682748
11.377357863913016
11.408844443046977
11.440418160572596
11.472079257643376
11.503827976080245
11.535664558373318
11.567589247683841
11.599602287845972
11.631703923368667
11.663894399437599
11.696173961916934
11.72854285735131
11.76100133296764
11.793549636677023
11.826188017076689
11.85891672345181
11.891736005777487
11.924646114720595
11.957647301641718
11.990739818597113
12.02392391834055
12.057199854325336
12.09056788070617
12.12402825234111
12.157581224793578
12.1912270543342
12.224965997942887
12.258798313310686
12.292724258841808
12.326744093655625
12.360858077588565
12.3950664711962
12.429369535755134
12.463767533265095
12.498260726450853
12.532849378764265
12.567533754386318
12.602314118229069
12.63719073593776
12.672163873892766
12.707233799211654
12.742400779751284
12.777665084109746
12.813026981628518
12.848486742394439
12.884044637241809
12.919700937754492
12.955455916267901
12.991309845871188
13.027263000409228
13.063315654484757
13.099468083460513
13.135720563461232
13.17207337137588
13.208526784859663
13.24508108233619
13.281736542999646
13.318493446816822
13.355352074529366
13.392312707655831
13.429375628493867
13.466541120122416
13.503809466403782
13.541180951985904
13.578655862304439
13.616234483584975
13.653917102845273
13.691704007897346
13.72959548734978
13.767591830609822
13.8056933278857
13.843900270188751
13.882212949335674
13.920631657950809
13.959156689468266
13.99778833813429
14.0365268990094
14.075372667970692
14.114325941714132
14.153387017756728
14.192556194438925
14.231833770926768
14.27122004721424
14.310715324125592
14.350319903317544
14.3900340872817
14.42985817934676
14.46979248368088
14.509837305294035
14.549992950040254
14.590259724620065
14.630637936582742
14.671127894328693
14.71172990711186
14.75244428504198
14.793271339087074
14.83421138107571
14.875264723699438
14.916431680515219
14.957712565947716
14.999107695291814
15.040617384714926
15.082241951259448
15.123981712845234
15.16583698827191
15.207808097221431
15.249895360260409
15.292099098842677
15.334419635311633
15.37685729290276
15.419412395746129
15.462085268868773
15.504876238197294
15.54778563056024
15.590813773690648
15.6339609962286
15.677227627723617
15.720613998637301
15.764120440345756
15.80774728514216
15.851494866239351
15.895363517772266
15.939353574800611
15.98346537331132
16.027699250221158
16.072055543379356
16.11653459157006
16.16113673451506
16.20586231287628
16.25071166825841
16.29568514321157
16.340783081233816
16.386005826773896
16.431353725233762
16.476827122971255
16.522426367302806
16.568151806505966
16.614003789822206
16.659982667459467
16.70608879059488
16.752322511377493
16.79868418293087
16.845174159355885
16.891792795733323
16.93854044812671
16.985417473584913
17.032424230144937
17.079561076834686
17.1268283736756
17.174226481685544
17.221755762881433
17.26941658028206
17.31720929791091
17.365134280798838
17.413191894986973
17.4613825075294
17.509706486496025
17.558164200975433
17.60675602107757
17.655482317936738
17.704343463714288
17.75333983160151
17.80247179582256
17.851739731637167
17.90114401534366
17.950685024281718
18.000363136835283
18.050178732435533
18.100132191563638
18.150223895753808
18.200454227596094
18.250823570739346
18.301332309894224
18.351980830835977
18.402769520407556
18.453698766522447
18.504768958167656
18.55598048540678
18.607333739382817
18.65882911232133
18.710466997533295
18.76224778941817
18.814171883466955
18.866239676265096
18.91845156549565
18.970807949942184
19.02330922949195
19.075955805138843
19.12874807898648
19.181686454251356
19.234771335265787
19.288003127481137
19.341382237470796
19.394909072933338
19.448584042695682
19.5024075567161
19.556380026087485
19.610501863040362
19.6647734809461
19.719195294320112
19.773767718824907
19.828491171273406
19.88336606963198
19.938392833023727
19.99357188173171
20.04890363720204
20.104388522047252
20.16002696004938
20.215819376163278
20.27176619651991
20.327867848429463
20.384124760384783
20.44053736206449
20.497106084336338
20.553831359260553
20.610713620093005
20.66775330128866
20.724950838504775
20.782306668604278
20.83982122965916
20.897494960953694
20.955328302987933
21.013321697480933
21.071475587374273
21.129790416835306
21.1882666312606
21.246904677279417
21.305705002756966
21.364668056798006
21.423794289750113
21.48308415320719
21.54253810001298
21.602156584264378
21.661940061315065
21.721888987778833
21.78200382153316
21.842285021722734
21.90273304876284
21.963348364343037
22.02413143143053
22.085082714273785
22.146202678406116
22.207491790649115
22.268950519116377
22.33057933321692
22.392378703658846
22.45434910245299
22.51649100291639
22.578804879676053
22.641291208672452
22.7039504671632
22.766783133726793
22.829789688266075
22.892970612012114
22.956326387527703
23.01985749871111
23.08356443079986
23.14744767037426
23.211507705361313
23.275745025038255
23.340160120036483
23.404753482345132
23.469525605314903
23.53447698366191
23.59960811347128
23.664919492201154
23.730411618686286
23.796084993141964
23.861940117167865
23.927977493751744
23.99419762727346
24.06060102350866
24.127188189632708
24.19395963422464
24.26091586727088
24.32805740016932
24.395384745733057
24.4628984181944
24.530598933208847
24.598486807858862
24.666562560658026
24.734826711554817
24.803279781936666
24.871922294634
24.940754773924066
25.00977774553514
25.078991736650362
25.148397275911844
25.217994893424773
25.28778512076129
25.357768490964748
25.427945538553622
25.49831679952564
25.568882811361973
25.63964411303116
25.710601244993423
25.781754749204598
25.853105169120457
25.924653049700723
25.996398937413254
26.06834338023835
26.140486927672704
26.21283013073386
26.285373541964187
26.35811771543522
26.431063206751947
26.50421057305687
26.577560373034483
26.651113166915344
26.72486951648044
26.79882998506555
26.87299513756536
26.94736554043801
27.02194176170921
27.09672437097667
27.17171393941453
27.24691103977753
27.32231624640561
27.3979301352281
27.473753283768197
27.549786271147465
27.626029678090067
27.70248408692741
27.779150081602413
27.85602824767404
27.933119172321867
28.010423444350355
28.087941654193585
28.165674393919566
28.243622257234836
28.321785839489102
28.400165737679558
28.478762550455695
28.55757687812364
28.636609322650965
28.715860487671094
28.79533097848798
28.87502140208084
28.954932367108572
29.03506448391464
29.115418364531525
29.195994622685507
29.27679387380142
29.357816735007155
29.43906382513861
29.52053576474421
29.602233176089722
29.68415668316313
29.766306911679152
29.848684489084285
29.93129004456138
30.01412420903453
30.097187615174004
30.180480897400834
30.264004691891923
30.34775963658469
30.43174637118203
30.515965537157296
30.600417777758977
30.685103738015865
30.770024064741758
30.855179406540493
30.94057041381101
31.02619773875207
31.112062035367522
31.198163959471053
31.284504168691296
31.371083322476963
31.457902082101633
31.544961110669085
31.632261073118087
31.719802636227744
31.807586468622354
31.895613240776623
31.983883625020876
32.07239829554596
32.16115792840868
32.25016320153669
32.339414794733806
32.42891338968529
32.51865966996281
32.60865432102993
32.69889803024714
32.78939148687718
32.88013538209038
32.97113040896977
33.062377262516584
33.15387663965537
33.2456292392394
33.33763576205608
33.42989691083212
33.52241339023915
33.615185906898844
33.70821516938844
33.80150188824626
33.89504677597686
33.988850547056806
34.08291391793985
34.177237607062494
34.271822334849624
34.36666882371974
34.46177779809075
34.557149984385276
34.65278611103629
34.74868690849281
34.844853109225184
34.941285447731026
35.03798466054052
35.134951486222214
35.2321866653887
35.329690940702086
35.4274650568799
35.525509760700544
35.62382580100921
35.72241392872344
35.8212748968389
35.92040946043527
36.01981837668175
36.11950240484312
36.21946230628532
36.31969884448135
36.4202127850172
36.521004895597464
36.62207594605149
36.72342670833899
36.82505795655607
36.92697046694125
37.029165017881084
37.13164238991648
37.23440336574835
37.33744873024371
37.440779270441794
37.5443957755598
37.64829903699922
37.7524898483516
37.856969005404764
37.96173730614895
38.066795550782665
38.17214454171911
38.27778508359203
38.38371798326197
38.489944049822554
38.59646409460642
38.70327893119168
38.81038937540792
38.91779624534248
39.02550036134687
39.13350254604276
39.24180362432855
39.35040442338537
39.45930577268372
39.56850850398952
39.67801345137058
39.787821451203094
39.897933342177744
40.008349965306444
40.11907216392846
40.23010078371696
40.34143667268567
40.45308068119494
40.565033661958694
40.67729647005057
40.78986996291062
40.902755000351945
41.01595244456701
41.12946316013455
41.24328801402585
41.35742787561155
41.47188361666835
41.58665611138542
41.701746236371406
41.8171548706608
41.93288289572082
42.048931195458245
42.16530065622587
42.281992166829625
42.39900661853507
42.51634490507432
42.63400792265299
42.75199656995677
42.8703117481586
42.98895436092526
43.107925314424435
43.22722551733172
43.34685588083726
43.466817318653106
43.58711074701979
43.7077370847137
43.82869725305378
43.949992175908704
44.07162277970408
44.19358999342917
44.31589474864441
44.43853797948813
44.5615206226839
44.68484361754778
44.80850790599517
44.932514432548395
45.056864144343585
45.18155799113805
45.30659692531766
45.43198190190381
45.557713878561096
45.68379381560426
45.810222676005715
45.937001425403025
46.06413103210592
46.19161246710411
46.31944670407436
46.447634719388056
46.5761774921188
46.705076004049594
46.83433123968068
46.96394418623673
47.093915833674544
47.22424717469076
47.35493920472907
47.48599292198824
47.617409327429385
47.74918942478374
47.88133422056051
48.01384472405418
48.146721947352646
48.27996690534452
48.41358061572731
48.547564099014814
48.68191837854509
48.81664448048841
48.95174343385474
49.08721627050201
49.223064025143664
49.35928773535665
49.49588844158958
49.63286718717026
49.77022501831409
49.90796298413169
50.046082136637125
50.18458353075578
50.32346822433284
50.46273727814073
50.602391755887645
50.742432724225566
50.882861252758325
51.023678414050146
51.16488528363325
51.30648294001646
51.44847246469337
51.590854942150465
51.733631459875824
51.876803108366836
52.02037098113891
52.16433617473372
52.30869978872751
52.453462925739885
52.5986266914416
52.744192194563446
52.8901605469046
53.036532863341
53.183310261834315
53.330493863439806
53.47808479231536
53.62608417572992
53.77449314407204
53.92331283085889
54.07254437274434
54.22218890952799
54.37224758416384
54.52272154276885
54.6736119346322
54.824919912223336
54.97664663120128
55.12879325042328
55.2813609319536
55.434350841072835
55.58776414628612
55.74160201933252
55.89586563519384
56.05055617210355
56.20567481155615
56.36122273831558
56.51720114042471
56.67361120921415
56.83045413931186
56.987731128651546
57.14544337848229
57.3035920933776
57.46217848124451
57.62120375333323
57.78066912424577
57.940575811945585
58.10092503776687
58.26171802642369
58.42295600601983
58.58464020805747
58.74677186744709
58.909352222516716
59.072382515021324
59.23586399015278
59.399797896548606
59.56418548630205
59.729028014971476
59.89432674158988
60.06008292867494
60.226297842237976
60.39297275179409
60.56010893037172
60.72770765452227
60.895770204330354
61.064297863422794
61.23329191897896
61.40275366174046
61.572684386020875
61.74308538971613
61.913957974313696
62.085303444903
62.257123110185255
62.42941828248337
62.602190277752456
62.7754404155891
62.949170019242
63.12338041562189
63.298072935311566
63.4732489125766
63.648909685374704
63.82505659536648
64.00169098792557
64.17881421214875
64.3564276208668
64.53453257065402
64.71313042183915
64.89222253851561
65.07181028855175
65.2518950436019
65.43247817911599
65.61356107435064
65.79514511237949
65.97723168010369
66.15982216826303
66.3429179714457
66.52652048809955
66.71063112054259
66.89525127497355
67.08038236148323
67.2660257940644
67.45218299062317
67.63885537298967
67.82604436692874
68.01375140215146
68.20197791232513
68.39072533508491
68.5799951120445
68.76978868880713
68.96010751497712
69.15095304417015
69.34232673402482
69.53423004621364
69.72666444645463
69.91963140452178
70.11313239425674
70.30716889358
70.50174238450204
70.69685435313518
70.8925062897041
71.08869968855778
71.28543604818077
71.4827168712045
71.68054366441937
71.87891793878529
72.07784120944392
72.27731499572998
72.47734082118284
72.6779202135586
72.879054704841
73.08074583125364
73.28299513327157
73.48580415563296
73.6891744473514
73.89310756172695
74.0976050563585
74.30266849315556
74.50829943835006
74.7144994625089
74.921270140545
75.12861305173
75.33652977970611
75.54502191249811
75.75409104252604
75.96373876661649
76.17396668601535
76.38477640639995
76.59616953789113
76.80814769506617
77.02071249697018
77.23386556712911
77.447608533562
77.66194302879317
77.87687068986548
78.09239315835171
78.30851208036788
78.52522910658553
78.74254589224431
78.96046409716513
79.17898538576199
79.39811142705521
79.61784389468416
79.83818446691973
80.05913482667795
80.28069666153174
80.50287166372452
80.72566153018295
80.94906796252975
81.17309266709734
81.39773735493982
81.62300374184683
81.8488935483564
82.0754084997679
82.30255032615601
82.53032076238277
82.75872154811162
82.98775442782048
83.21742115081487
83.44772347124203
83.67866314810323
83.9102419452679
84.14246163148694
84.37532398040605
84.60883077058001
84.84298378548515
85.07778481353371
85.31323564808733
85.54933808747056
85.7860939349853
86.02350499892351
86.26157309258176
86.50030003427466
86.73968764734953
86.9797377601992
87.22045220627673
87.46183282410925
87.70388145731172
87.94659995460188
88.18999016981316
88.43405396190963
88.678793195
88.92420973835168
89.17030546640576
89.41708225879032
89.66454200033536
89.91268658108717
90.1615178963225
90.41103784656377
90.66124833759253
90.91215128046468
91.16374859152496
91.41604219242136
91.66903401012053
91.92272597692141
92.17712003047072
92.43221811377755
92.68802217522807
92.94453416860111
93.20175605308198
93.45968979327816
93.71833735923417
93.97770072644637
94.23778187587885
94.49858279397736
94.76010547268534
95.02235190945886
95.2853241072817
95.54902407468145
95.81345382574366
96.07861538012804
96.34451076308363
96.61114200546412
96.8785111437441
97.14662022003353
97.415471282094
97.68506638335427
97.95540758292567
98.22649694561876
98.49833654195774
98.77092844819714
99.04427474633752
99.31837752414113
99.59323887514859
99.86886089869382
100.14524569992076
100.4223953897993
100.70031208514118
100.97899790861698
101.25845498877112
101.53868546003892
101.81969146276268
102.10147514320788
102.38403865358033
102.66738415204142
102.95151380272539
103.2364297757557
103.52213424726132
103.80862939939429
104.09591742034506
104.38400050436003
104.67288085175817
104.96256066894752
105.253042168443
105.54432756888194
105.8364190950419
106.12931897785728
106.42302945443717
106.71755276808115
107.01289116829733
107.30904691081923
107.60602225762291
107.90381947694499
108.20244084329877
108.5018886374924
108.80216514664616
109.1032726642096
109.40521348998006
109.70798993011881
110.01160429716963
110.31605891007618
110.62135609419954
110.92749818133683
111.2344875097377
111.5423264241231
111.8510172757029
112.16056242219368
112.47096422783764
112.78222506341928
113.0943473062844
113.40733334035808
113.72118555616261
114.03590635083668
114.35149812815236
114.66796329853426
114.98530427907787
115.30352349356762
115.62262337249648
115.942606353083
116.26347487929094
116.58523140184768
116.90787837826267
117.2314182728472
117.55585355673173
117.88118670788582
118.2074202111367
118.53455655818806
118.86259824764011
119.19154778500707
119.52140768273743
119.85218046023279
120.18386864386687
120.51647476700585
120.85000137002616
121.18445100033497
121.5198262123893
121.85612956771533
122.19336363492896
122.53153098975389
122.8706342150424
123.2106759007947
123.5516586441785
123.89358504954994
124.23645772847183
124.58027929973471
124.92505238937656
125.27077963070258
125.61746366430638
125.96510713808857
126.31371270727801
126.66328303445188
127.0138207895557
127.36532864992476
127.71780930030309
128.0712654328649
128.42569974723492
128.78111495050882
129.1375137572749
129.49489888963313
129.85327307721718
130.21263905721463
130.57299957438894
130.93435738109892
131.2967152373206
131.6600759106683
132.02444217641533
132.38981681751633
132.7562026246269
133.12360239612596
133.49201893813688
133.8614550645487
134.23191359703856
134.60339736509175
134.97590920602445
135.3494519650049
135.7240284950751
136.09964165717355
136.4762943201556
136.85398936081626
137.23272966391207
137.61251812218273
137.99335763637444
138.37525111526028
138.75820147566355
139.14221164247982
139.52728454869896
139.9134231354287
140.30063035191526
140.68890915556722
141.07826251197767
141.46869339494668
141.86020478650508
142.25279967693547
142.64648106479638
143.04125195694473
143.43711536855855
143.83407432316122
144.23213185264274
144.6312909972841
145.03155480578025
145.4329263352629
145.83540865132534
146.23900482804385
146.64371794800246
147.04955110231623
147.45650739065442
147.8645899212655
148.27380181099906
148.68414618533077
149.09562617838603
149.5082449329635
149.9220056005604
150.33691134139474
150.75296532443068
151.1701707274024
151.58853073683804
152.00804854808538
152.42872736533428
152.85057040164247
153.27358087895968
153.69776202815206
154.123117089028
154.54964931036113
154.97736194991617
155.40625827447377
155.8363415598549
156.2676150909473
156.70008216172857
157.13374607529263
157.56861014387474
158.00467768887623
158.44195204089135
158.88043653973082
159.32013453444839
159.7610493833663
160.2031844541006
160.64654312358803
161.09112877810998
161.53694481331965
161.98399463426728
162.43228165542746
162.88180930072338
163.33258100355405
163.78460020682047
164.23787036295133
164.69239493393093
165.14817739132351
165.6052212163011
166.06352989966976
166.52310694189606
166.98395585313492
167.4460801532546
167.90948337186478
168.37416904834333
168.84014073186287
169.30740198141933
169.77595636585707
170.24580746389742
170.71695886416583
171.18941416521875
171.66317697557267
172.1382509137295
172.6146396082056
173.0923466975592
173.57137583041776
174.05173066550736
174.5334148716784
175.01643212793508
175.50078612346323
175.986480557658
176.47351914015368
176.96190559084974
177.45164363994076
177.94273702794456
178.43518950573036
178.92900483454903
179.42418678605938
179.92073914235866
180.41866569601095
180.91797025007577
181.41865661813873
181.92072862433818
182.42419010339623
182.92904490064737
183.43529687206768
183.9429498843056
184.45200781470936
184.96247455135804
185.47435399309092
185.98765004953677
186.50236664114533
187.01850769921504
187.53607716592438
188.0550789943618
188.5755171485554
189.09739560350485
189.62071834520933
190.14548937069958
190.67171268806806
191.1993923164991
191.7285322863012
192.25913663893556
192.79120942704836
193.32475471450135
193.85977657640257
194.39627909913906
194.93426638040557
195.4737425292376
196.01471166604225
196.5571779226294
197.10114544224476
197.64661837959923
198.1936009009022
198.74209718389247
199.29211141787192
199.843647803735
200.39671055400237
200.95130389285285
201.50743205615512
202.06509929150175
202.62430985823923
203.18506802750204
203.74737808224504
204.3112443172755
204.8766710392879
205.443662566894
206.0122232306577
206.58235737312765
207.1540693488699
207.72736352450306
208.30224427872892
208.8787160023676
209.45678309839082
210.0364499819549
210.61772108043633
211.20060083346303
211.78509369294983
212.3712041231322
212.95893660059977
213.54829561433243
214.13928566573185
214.73191126865765
215.3261769494615
215.9220872470212
216.51964671277713
217.11885991076426
217.71973141764897
218.3222658227634
218.92646772814012
219.53234174854913
220.13989251153026
220.74912465743046
221.3600428394387
221.97265172362117
222.58695598895852
223.20296032737912
223.82066944379653
224.44008805614516
225.06122089541557
225.68407270569276
226.3086482441894
226.9349522812842
227.56298960055764
228.1927649988283
228.82428328619122
229.45754928605183
230.09256783516472
230.72934378367012
231.36788199513038
232.0081873465691
232.6502647285055
233.2941190449937
233.93975521365965
234.58717816573824
235.2363928461129
235.88740421335044
236.54021723974094
237.19483691133507
237.85126822798188
238.50951620336883
239.1695858650572
239.83148225452237
240.4952104271919
241.1607754524837
241.82818241384658
242.49743640879626
243.16854254895614
243.84150596009601
244.51633178217057
245.1930251693607
245.87159129010988
246.55203532716567
247.2343624776182
247.918577952942
248.6046869790327
249.29269479624895
249.98260665945207
250.67442783804546
251.36816361601709
252.06381929197667
252.76140017919823
253.46091160566013
254.16235891408533
254.86574746198414
255.57108262169214
256.27836978041324
256.98761434026034
257.69882171829596
258.4119973465759
259.1271466721874
259.84427515729294
260.5633882791714
261.28449153025946
262.0075904181954
262.7326904658583
263.4597972114122
264.1889162083479
264.9200530255248
265.65321324721555
266.3884024731456
267.12562631853814
267.8648904141561
268.6062004063451
269.34956195707855
270.0949807439974
270.842462460456
271.592012815565
272.3436375342343
273.09734235721885
273.8531330411596
274.61101535862923
275.370995098176
276.1330780643673
276.897270077836
277.6635769753221
278.4320046097189
279.2025588501176
279.97524558185137
280.75007070654266
281.5270401421447
282.30615982298923
283.087435699831
283.8708737398929
284.6564799269135
285.44426026118975
286.2342207596247
287.026367455773
287.8207063998866
288.61724365896305
289.4159853167884
290.21693747398604
291.02010624806275
291.82549777345463
292.63311820157674
293.442973700866
294.2550704568311
295.06941467209884
295.88601256646115
296.70487037692493
297.5259943577559
298.34939078052906
299.17506593417585
300.00302612503145
300.8332776768856
301.66582693102714
302.50068024629496
303.33784399912514
304.17732458360234
305.0191284115048
305.863261912356
306.7097315334726
307.55854374001393
308.40970501503296
309.26322185952273
310.11910079246815
310.9773483508953
311.8379710899207
312.7009755828039
313.5663684209939
314.43415621418205
315.3043455903518
316.17694319582876
317.0519556953342
317.9293897720316
318.8092521275808
319.6915494821884
320.57628857465824
321.46347616244555
322.3531190217048
323.24522394734396
324.13979775307575
325.036847271469
325.93637935400363
326.8384008711186
327.74291871226757
328.64993978597056
329.55947101986607
330.4715193607666
331.38609177470795
332.30319524700485
333.22283678230366
334.1450234046354
335.0697621574719
335.9970601037757
336.92692432605634
337.8593619264243
338.79438002664426
339.7319857681922
340.672186312306
341.6149888400427
342.56040055233285
343.5084286700346
344.45908043399186
345.4123631050853
346.3682839642905
347.32685031273314
348.2880694717438
349.2519487829168
350.218495608162
351.187717329764
352.1596213504376
353.13421509338366
354.111506002349
355.09150154167844
356.074209196375
357.05963647215634
358.0477908955111
359.03868001375974
360.0323113951074
361.02869262870485
362.02783132470563
363.0297351143236
364.0344116498938
365.04186860492695
366.0521136741706
367.06515457366737
368.0809990408133
369.09965483441954
370.1211297347674
371.1454315436706
372.17256808453357
373.20254720241405
374.2353767640785
375.2710646580653
376.30961879474415
377.3510471063757
378.39535754717537
379.44255809336926
380.4926567432583
381.54566151727863
382.60158045806185
383.6604216304998
384.72219312180135
385.78690304155725
386.8545595218015
387.9251707170723
388.99874480447806
390.0752899837545
391.1548144773307
392.23732653039144
393.3228344109387
394.41134640985854
395.5028708409794
396.59741604113896
397.69499037024684
398.7956022113476
399.8992599706883
401.0059720777776
402.11574698545337
403.22859316994663
404.34451913094523
405.46353339166234
406.58564449889633
407.7108610230994
408.8391915584426
409.97064472287997
411.10522915821815
412.2429535301774
413.3838265284609
414.5278568668203
415.67505328312166
416.8254245394154
417.9789794219981
419.1357267414831
420.295675332867
421.45883405559607
422.62521179363756
423.79481745554216
424.96765997451587
426.143748308487
427.32309144017376
428.50569837715665
429.6915781519417
430.8807398220331
432.0731924700014
433.2689452035523
434.4680071555992
435.6703874843282
436.87609537327137
438.08514003137583
439.2975306930735
440.513276618355
441.7323870928351
442.9548714278272
444.18073896041346
445.4099990535155
446.64266109596906
447.8787345025908
449.11822871425346
450.36115319795715
451.60751744690083
452.85733098055846
454.110603344746
455.3673441116984
456.62756288014134
457.8912692753639
459.1584729492959
460.4291835805755
461.70341087462754
462.98116456373526
464.26245440711864
465.54729019100336
466.835681728699
468.12763886067347
469.42317145462675
470.7222894055706
472.025002635898
473.3313210954627
474.64125476165486
475.95481363947545
477.2720077616172
478.59284718853513
479.9173420085273
481.24550233781093
482.5773383205986
483.91286012917976
485.2520779639925
486.5950020537054
487.9416426552945
489.29201005412096
490.64611456401343
492.00396652734065
493.36557631509487
494.7309543269697
496.10011099143867
497.473056765839
498.84980213644513
500.2303576185532
501.61473375656016
503.0029411240432
504.3949903238449
505.79089198814785
507.1906567785598
508.59429538619446
510.0018185317519
511.4132369656045
512.828561467873
514.2478028485128
515.670971947396
517.0980796343922
518.5291368094566
519.9641544027065
521.4031433745093
522.8461147155648
524.2930794469881
525.7440486203985
527.1990333179971
528.6580446526556
530.1210937680006
531.5881918384972
533.0593500695389
534.5345796975266
536.0138919899587
537.4972982455162
538.9848097941478
540.476437997161
541.9721942473021
543.4720899688476
544.9761366176904
546.4843456814264
547.9967286794463
549.5132971630171
551.0340627153751
552.5590369518125
554.0882315197658
555.6216580989086
557.1593284012347
558.7012541711514
560.2474471855683
561.7979192539865
563.3526822185929
564.911747954344
566.4751283690612
568.042835403519
569.6148810315417
571.1912772600868
572.7720361293428
574.3571697128183
575.9466901174342
577.5406094836208
579.1389399854029
580.741693830498
582.3488832604081
583.960520550512
585.5766180101641
587.1971879827811
588.8222428459408
590.4517950114757
592.0858569255669
593.724441068843
595.3675599564696
597.0152261382483
598.6674521987123
600.324250757221
601.9856344680611
603.6516160205362
605.3222081390685
606.9974235832947
608.6772751481623
610.3617756640322
612.0509379967691
613.7447750478456
615.4432997544379
617.1465250895252
618.8544640619922
620.567129716722
622.2845351347001
624.0066934331138
625.7336177654502
627.4653213216022
629.2018173279619
630.9431190475261
632.6892397799969
634.4401928618818
636.1959916666001
637.9566496045785
639.7221801233578
641.4925967076945
643.2679128796626
645.048142198762
646.8332982620144
648.6233947040721
650.4184451973213
652.2184634519845
654.023463216231
655.8334582762742
657.6484624564814
659.4684896194789
661.2935536662559
663.1236685362763
664.9588482075775
666.7991066968815
668.644458059702
670.4949163904488
672.3504958225425
674.2112105285133
676.0770747201148
677.9481026484312
679.8243086039853
681.7057069168524
683.5923119567618
685.4841381332122
687.3811998955803
689.2835117332296
691.1910881756269
693.1039437924445
695.0220931936778
696.9455510297533
698.8743319916465
700.8084508109856
702.7479222601697
704.6927611524802
706.6429823421923
708.5986007246947
710.5596312365942
712.5260888558358
714.4979886018157
716.4753455354943
718.4581747595174
720.4464914183227
722.4403106982611
724.4396478277115
726.4445180771953
728.4549367594994
730.4709192297842
732.4924808857058
734.5196371675341
736.5524035582675
738.5907955837575
740.6348288128193
742.684518857355
744.7398813724731
746.8009320566052
748.867686651633
750.9401609429984
753.0183707598311
755.1023319750672
757.1920605055695
759.2875723122551
761.3888834002076
763.496009818806
765.6089676618457
767.7277730676595
769.8524422192478
771.9829913443918
774.1194367157848
776.261794651154
778.4100815133843
780.5643137106491
782.7245076965263
784.8906799701302
787.0628470762363
789.2410256054054
791.4252321941175
793.6154835248885
795.8117963264049
798.0141873736487
800.2226734880254
802.4372715374978
804.6579984367057
806.8848711471013
809.1179066770774
811.3571220820952
813.6025344648218
815.8541609752502
818.1120188108379
820.376125216635
822.6464974854163
824.923152957818
827.206109022462
829.4953831160936
831.7909927237147
834.0929553787141
836.4012886630097
838.7160102071713
841.0371376905629
843.3646888414754
845.698681437261
848.0391333044755
850.3860623190037
852.7394864062036
855.099423541041
857.4658917482255
859.8389091023547
862.2184937280421
864.6046638000623
866.9974375434866
869.3968332338289
871.802869197175
874.2155638103294
876.6349355009539
879.0610027477069
881.493784080391
883.9332980800849
886.3795633792913
888.832598662078
891.2924226642187
893.7590541733435
896.2325120290716
898.7128151231616
901.1999823996553
903.6940328550191
906.1949855382982
908.7028595512493
911.2176740484947
913.739448237667
916.2682013795535
918.8039527882509
921.3467218313012
923.8965279298483
926.4533905587831
929.017329246891
931.5883635770086
934.166513186162
936.7517977657241
939.3442370615631
941.9438508741919
944.5506590589262
947.1646815260252
949.7859382408515
952.4144492240209
955.0502345515544
957.6933143550383
960.3437088217669
963.0014381949045
965.6665227736377
968.3389829133287
971.0188390256786
973.7061115788719
976.4008210977396
979.1029881639151
981.8126334159892
984.5297775496751
987.2544413179552
989.9866455312472
992.7264110575611
995.4737588226567
998.2287098102116
1000.9912850619689
1003.7615056779064
1006.5393928163955
1009.3249676943611
1012.1182515874514
1014.9192658301884
1017.7280318161388
1020.5445709980759
1023.3689048881405
1026.2010550580142
1029.041043139072
1031.888890822554
1034.744619859732
1037.6082520620705
1040.4798093014037
1043.3593135100894
1046.246786681184
1049.14225086861
1052.0457281873214
1054.9572408134807
1057.8768109846167
1060.804460999802
1063.7402132198183
1066.6840900673385
1069.6361140270815
1072.5963076459957
1075.5646935334266
1078.5412943612891
1081.5261328642482
1084.5192318398804
1087.5206141488557
1090.530302715111
1093.5483205260218
1096.5746906325883
1099.6094361495961
1102.652580255803
1105.7041461941142
1108.7641572717557
1111.8326368604633
1114.9096083966463
1117.9950953815764
1121.0891213815644
1124.1917100281378
1127.3028850182309
1130.4226701143518
1133.5510891447732
1136.6881660037118
1139.833924651509
1142.9883891148227
1146.1515834867967
1149.3235319272549
1152.5042586628824
1155.6937879874097
1158.8921442618055
1162.0993519144508
1165.3154354413336
1168.5404194062337
1171.774328440909
1175.0171872452913
1178.269020587663
1181.529853304853
1184.7997103024272
1188.0786165548736
1191.3665971058044
1194.6636770681314
1197.9698816242687
1201.2852360263228
1204.6097655962808
1207.9434957262167
1211.2864518784686
1214.6386595858432
1218.0001444518089
1221.3709321506888
1224.751048427866
1228.1405190999667
1231.539370055066
1234.9476272528836
1238.36531672498
1241.7924645749645
1245.2290969786807
1248.6752401844149
1252.1309205130958
1255.5961643584913
1259.0709981874218
1262.555448539946
1266.049542029574
1269.5533053434688
1273.0667652426464
1276.589948562191
1280.1228822114451
1283.6655931742243
1287.2181085090215
1290.7804553492103
1294.3526609032638
1297.9347524549457
1301.5267573635297
1305.1287030640055
1308.740617067286
1312.3625269604277
1315.9944604068257
1319.6364451464358
1323.288508995981
1326.9506798491736
1330.622985676914
1334.3054545275138
1337.9981145269073
1341.7009938788647
1345.4141208652168
1349.1375238460564
1352.8712312599646
1356.615271624225
1360.3696735350404
1364.1344656677609
1367.9096767770861
1371.695335697297
1375.4914713424726
1379.2981127067083
1383.115288864348
1386.9430289701904
1390.7813622597216
1394.6303180493367
1398.48992573656
1402.360214800282
1406.241214800966
1410.1329553808866
1414.0354662643526
1417.9487772579314
1421.8729182506875
1425.8079192143944
1429.7538102037752
1433.7106213567279
1437.6783828945538
1441.6571251222003
1445.6468784284737
1449.6476732862834
1453.6595402528724
1457.6825099700466
1461.7166131644221
1465.7618806476407
1469.818343316618
1473.8860321537757
1477.964978227276
1482.0552126912708
1486.1567667861207
1490.2696718386467
1494.393959262366
1498.5296605577291
1502.6768073123721
1506.8354312013405
1511.0055639873424
1515.1872375209884
1519.380483741032
1523.5853346746264
1527.8018224375487
1532.0299792344595
1536.2698373591452
1540.521429194761
1544.7847872140915
1549.059943979779
1553.3469321445862
1557.6457844516408
1561.9565337346835
1566.279212918331
1570.613855018309
1574.9604931417164
1579.3191604872748
1583.68989034558
1588.072716099368
1592.4676712237515
1596.8747892864876
1601.2941039482314
1605.7256489627903
1610.1694581773938
1614.6255655329337
1619.094005064235
1623.5748109003107
1628.0680172646341
1632.5736584753822
1637.0917689457096
1641.6223831840086
1646.1655357941693
1650.7212614758575
1655.2895950247591
1659.87057133286
1664.4642253887089
1669.0705922776806
1673.6897071822586
1678.3216053822832
1682.9663222552333
1687.6238932764948
1692.2943540196272
1696.97774015665
1701.674087458293
1706.3834317942847
1711.1058091336217
1715.8412555448415
1720.5898071963097
1725.3515003564773
1730.126371394171
1734.914456778867
1739.7157930809665
1744.5304169720891
1749.3583652253317
1754.1996747155636
1759.054382419704
1763.922525417002
1768.8041408893328
1773.6992661214608
1778.6079385013393
1783.5301955203915
1788.466074773794
1793.4156139607774
1798.3788508848938
1803.3558234543193
1808.3465696821397
1813.3511276866375
1818.3695356915985
1823.4018320265795
1828.4480551272188
1833.508243535523
1838.5824359001601
1843.670670976768
1848.7729876282292
1853.8894248249815
1859.0200216453131
1864.1648172756566
1869.323851010903
1874.49716225468
1879.684790519668
1884.8867754278976
1890.1031567110485
1895.3339742107687
1900.579267878955
1905.8390777780749
1911.1134440814672
1916.4024070736455
1921.706007150622
1927.0242848201924
1932.3572807022601
1937.7050355291433
1943.0675901458826
1948.4449855105672
1953.8372626946261
1959.2444628831556
1964.6666273752314
1970.1037975842191
1975.556015038107
1981.0233213797992
1986.5057583674493
1992.003367874772
1997.5161918913786
2003.0442725230737
2008.587651992192
2014.1463726379184
2019.7204769166062
2025.310007402118
2030.915006786126
2036.5355178784553
2042.1715836074056
2047.8232470200762
2053.49055128271
2059.1735396809995
2064.8722556204334
2070.5867426266245
2076.317044345637
2082.0632045443367
2087.825267110702
2093.603276054174
2099.3972755059876
2105.2073097195075
2111.0334230705807
2116.87566005785
2122.734065303112
2128.6086835516526
2134.499559672586
2140.4067386592124
2146.330265629338
2152.270185825635
2158.2265446159845
2164.199387493816
2170.188760078477
2176.1947081155504
2182.217277477223
2188.2565141626333
2194.3124642982166
2200.385174138074
2206.474690064302
2212.581058587363
2218.7043263464343
2224.8445401097633
2231.0017467750404
2237.1759933697313
2243.3673270514523
2249.5757951083283
2255.8014449593484
2262.044324154746
2268.304480376336
2274.5819614378943
2280.8768152855228
2287.1890899980062
2293.518833787202
2299.866094998377
2306.230922110599
2312.6133637370986
2319.01346862564
2325.4312856589077
2331.866863854855
2338.320252367096
2344.7915004852757
2351.2806576354424
2357.7877733804444
2364.31289742028
2370.8560795924955
2377.4173698725617
2383.99681837425
2390.5944753500353
2397.2103911914514
2403.8446164294933
2410.4972017349996
2417.1681979190353
2423.8576559332964
2430.5656268704747
2437.2921619646627
2444.0373125917426
2450.8011302697737
2457.5836666594046
2464.384973564239
2471.205102931251
2478.0441068511714
2484.902037558906
2491.7789474339056
2498.6748890005824
2505.5899149287116
2512.5240780338236
2519.477431277631
2526.450027768401
2533.441920761382
2540.453163659205
2547.483810012286
2554.5339135192576
2561.603528027344
2568.6927075327985
2575.8015061813053
2582.9299782683916
2590.0781782398617
2597.2461606921825
2604.4339803729185
2611.641692181149
2618.8693511678794
2626.1170125364824
2633.38473164309
2640.6725639970364
2647.9805652612754
2655.308791252802
2662.6572979431007
2670.0261414585384
2677.415378080816
2684.8250642473927
2692.2552565519118
2699.706011744655
2707.177386732942
2714.6694385815886
2722.1822245133344
2729.7158019092785
2737.270228309336
2744.8455614126456
2752.4418590780333
2760.059179324448
2767.697580331399
2775.3571204394225
2783.0378581504947
2790.7398521285
2798.4631611996733
2806.207844353045
2813.9739607409124
2821.761569679259
2829.5707306482295
2837.4015032925786
2845.2539474221203
2853.1281230122086
2861.024090204161
2868.9419093057395
2876.8816407916074
2884.8433453037837
2892.8270836521306
2900.832916814784
2908.860905938638
2916.9111123398125
2924.983597504111
2933.0784230875156
2941.1956509166225
2949.335342989137
2957.4975614743416
2965.682368713565
2973.889827220683
2982.1199996825576
2990.372948959542
2998.6487380859544
3006.9474302705526
3015.269088897041
3023.6137775245193
3031.9815598879914
3040.3724998988405
3048.7866616453416
3057.224109393113
3065.6849075856344
3074.16912084473
3082.6768139710584
3091.2080519446304
3099.7628999252684
3108.341423253131
3116.9436874492026
3125.5697582157895
3134.2197014370477
3142.8935831794456
3151.591469692296
3160.313427408255
3169.0595229438236
3177.829823099882
3186.62439486216
3195.4433054017754
3204.286622075742
3213.1544124274737
3222.046744187331
3230.9636852730964
3239.905303790519
3248.8716680338302
3257.862846486257
3266.878907820571
3275.9199208995765
3284.985954776659
3294.0770786963085
3303.19336209464
3312.334874599952
3321.501686033218
3330.693866408645
3339.9114859342044
3349.154615012158
3358.423324239626
3367.717684409083
3377.0377665089286
3386.383641724019
3395.755381436208
3405.1530572249167
3414.57674086764
3424.0265043405225
3433.5024198189008
3443.004559677848
3452.532996492756
3462.0878030398444
3471.6690522967474
3481.2768174430635
3490.9111718609065
3500.572189135494
3510.2599430556697
3519.9745076144914
3529.715957009792
3539.4843656447374
3549.2798081284254
3559.10235927641
3568.952094111303
3578.8290878633397
3588.733415970946
3598.6651540813446
3608.6243780510863
3618.611163946663
3628.6255880450763
3638.6677268344174
3648.737657014478
3658.835455497292
3668.961199407754
3679.114966084199
3689.296833078987
3699.5068781591253
3709.7451793068167
3720.011814720085
3730.3068628133587
3740.630402218099
3750.9825117833543
3761.363270576394
3771.7727578833046
3782.211053209587
3792.6782362807953
3803.174387043099
3813.699585663924
3824.2539125325584
3834.837448260758
3845.450273683392
3856.0924698590165
3866.7641180705227
3877.4652998257498
3888.1960968580997
3898.956591127195
3909.746864819456
3920.5670003487567
3931.4170803570537
3942.297187715003
3953.207405522628
3964.147817109905
3975.1185060374332
3986.1195560970627
3997.1510513125277
4008.2130759401216
4019.3057144692893
4030.4290516233073
4041.5831723599217
4052.7681618719894
4063.98410558816
4075.231089173483
4086.509198530088
4097.81851979784
4109.159139354985
4120.531143818845
4131.934620046425
4143.369655135118
4154.836336423351
4166.334751491256
4177.864988161361
4189.42713449922
4201.021278814112
4212.6475096597105
4224.305915834751
4235.996586383743
4247.719610597601
4259.475078014353
4271.263078419828
4283.083701848323
4294.937038583328
4306.823179158169
4318.742214356725
4330.694235214119
4342.679333017403
4354.697599306291
4366.749125873802
4378.834004767003
4390.9523282876935
4403.104188993113
4415.289679696675
4427.508893468626
4439.76192363679
4452.048863787274
4464.369807765175
4476.72484967533
4489.114083882981
4501.537605014534
4513.995507958271
4526.487887865067
4539.014840149151
4551.576460488782
4564.172844827014
4576.804089372424
4589.470290599832
4602.171545251081
4614.9079503357125
4627.679603131753
4640.4866011864315
4653.329042316968
4666.207024611258
4679.120646428665
4692.070006400758
4705.055203432057
4718.076336700829
4731.1335056597845
4744.226810036875
4757.356349836049
4770.522225338003
4783.7245371009885
4796.963385961519
4810.2388730351795
4823.551099717394
4836.900167684183
4850.286178892982
4863.709235583365
4877.1694402778585
4890.66689578272
4904.20170518871
4917.773971871919
4931.383799494501
4945.031292005501
4958.716553641641
4972.439688928107
4986.200802679384
4999.999999999999
